rank,sleeper_id,name,owner,age,pos,value_0_10000,dyn_9cat,redraft_9cat,points_val,consensus,consensus_rank,confidence,rate_z,punt_fit,tier,injected,adjusted,stat_sources,consensus_sources
1,2577,Victor Wembanyama,phw23,22.0,C,10000.0,13.10901225667165,12.062193849580115,34.57867891431753,9999.0,1,1.0,12.367360775441155,TO,1,False,False,"hashtag,sleeper_stats","dynatyze,fantasypros,hashtag"
2,1957,Shai Gilgeous-Alexander,phw23,28.0,PG,9113.5,11.999942129209925,9.479884560921796,30.095470544258625,9905.999999999998,2,1.0,10.306621411796439,TO,2,False,False,"hashtag,sleeper_stats","dynatyze,fantasypros,hashtag"
3,1970,Luka Dončić,pwinslow,27.0,PG,7526.2,10.014089654759806,8.568536726563337,36.4702111922147,9803.999999999998,3,1.0,9.479326185713328,TO,3,False,False,"hashtag,sleeper_stats","dynatyze,fantasypros,hashtag"
4,1658,Nikola Jokić,Lsheqi03,31.0,C,7101.4,9.482551501609157,10.01189386653155,40.99379206277169,9736.0,4,1.0,13.10901225667165,TO,4,False,False,"hashtag,sleeper_stats","dynatyze,fantasypros,hashtag"
5,2267,Cade Cunningham,Jmains715,24.0,PG,6786.1,9.088076584723412,6.19174806103187,29.84575486998154,9567.574074074073,5,1.0,6.640361666571396,TO,5,False,False,"hashtag,sleeper_stats","dynatyze,fantasypros,hashtag"
6,4760,Cooper Flagg,WoodDaGood,19.0,PG|SF|SG,5445.7,7.411161072997165,5.623938487436317,24.38258594491997,9495.25925925926,5,1.0,4.593337356248789,TO,6,False,False,"hashtag,sleeper_stats","dynatyze,fantasypros,hashtag"
7,2133,Anthony Edwards,pwinslow,24.0,PG|SG,5126.5,7.011848174924622,5.879010605299186,26.62163551420544,9404.814814814816,6,1.0,6.479741612749642,TO,7,False,False,"hashtag,sleeper_stats","dynatyze,fantasypros,hashtag"
8,2126,Tyrese Maxey,schunke2009,25.0,PG,5030.0,6.891038148526229,8.84279020507563,29.764071984431858,9273.37037037037,7,1.0,9.486260614889359,TO,7,False,False,"hashtag,sleeper_stats","dynatyze,fantasypros,hashtag"
9,4873,Cameron Boozer,jsomb,19.0,C|PF,4827.4,6.637568410278663,2.651895600767126,20.522936853205387,9208.080000000002,9,0.8,2.59800293237021,FT%+3PM,8,False,False,rookies_manual,"hashtag,rookies_manual"
10,2284,Jalen Johnson,schunke2009,24.0,PF|SF,4811.6,6.617801463936977,6.373580400027787,31.21227127786277,9174.462962962962,9,1.0,6.570459048417698,TO,8,False,False,"hashtag,sleeper_stats","dynatyze,fantasypros,hashtag"
11,1822,Jayson Tatum,pwinslow,28.0,PF|SF,4780.1,6.578462958656879,3.696306216323108,29.086318659171493,9057.944444444443,9,0.8,6.210822934637435,FG%+TO,8,False,False,"hashtag,sleeper_stats","dynatyze,fantasypros,hashtag"
12,2161,Tyrese Haliburton,schunke2009,26.0,PG|SG,4704.0,6.4832577924266985,,,8952.361111111111,11,0.8,,n/a (consensus),8,True,False,,"dynatyze,fantasypros,hashtag"
13,2289,Scottie Barnes,pwinslow,24.0,PF|SF,4688.2,6.463440162201186,6.637939440252505,26.488671408183297,8935.444444444445,12,1.0,6.633810210902986,TO+3PM,8,False,False,"hashtag,sleeper_stats","dynatyze,fantasypros,hashtag"
14,2455,Chet Holmgren,phw23,24.0,C|PF,4634.3,6.3960642904930936,5.723335103879395,23.623532651657815,8880.388888888889,10,1.0,6.107273719249729,STL+AST,8,False,False,"hashtag,sleeper_stats","dynatyze,fantasypros,hashtag"
15,2259,Evan Mobley,schunke2009,25.0,C|PF,4529.3,6.264586368016586,4.411076754613554,25.5909568748275,8819.11111111111,7,1.0,4.7620501956797305,FT%+TO,8,False,False,"hashtag,sleeper_stats","dynatyze,fantasypros,hashtag"
16,2308,Alperen Şengün,Jmains715,24.0,C|PF,4430.5,6.140987417282936,4.515462047062028,27.584351939592914,8677.925925925925,14,1.0,4.553961734040062,TO+FT%,8,False,False,"hashtag,sleeper_stats","dynatyze,fantasypros,hashtag"
17,4882,Darryn Peterson,Jmains715,19.0,PG|SG,4306.2,5.985551836098488,1.309086099748847,17.787008658813036,8600.666666666666,16,0.8,1.0580347039950675,TO+FG%,8,False,False,rookies_manual,"hashtag,rookies_manual"
18,2453,Jalen Williams,schunke2009,25.0,PF|SF|SG,4279.4,5.951971597810274,2.207089179424235,20.174165365808324,8553.027777777777,12,0.825,2.7219366223521777,TO+3PM,8,False,False,"hashtag,sleeper_stats","dynatyze,fantasypros,hashtag"
19,1380,Giannis Antetokounmpo,kgjikondi,31.0,PF,4199.4,5.851898392045108,2.47913932665484,30.033760762312347,8480.777777777777,9,0.9,4.224948981441541,FT%+TO,8,False,False,"hashtag,sleeper_stats","dynatyze,fantasypros,hashtag"
20,1845,Donovan Mitchell,ek3,29.0,PG|SG,4094.4,5.7205896557761164,6.515992485550932,26.83242053521725,8355.833333333332,19,1.0,7.014706622196341,TO+BLK,8,False,False,"hashtag,sleeper_stats","dynatyze,fantasypros,hashtag"
21,4754,Dylan Harper,jsomb,20.0,PG|SG,3941.1,5.528778221849561,1.4299309895963668,14.443808582987604,8355.518518518518,17,1.0,0.08732087653250165,3PM,9,False,False,"hashtag,sleeper_stats","dynatyze,fantasypros,hashtag"
22,1945,Trae Young,RaySo,27.0,PG,3845.7,5.409415451027883,1.5774348756705272,19.568325606751582,8196.388888888889,8,0.8,2.0373870318132004,TO+REB,9,False,False,"hashtag,sleeper_stats","dynatyze,fantasypros,hashtag"
23,2574,Amen Thompson,Jmains715,23.0,PG|SG,3842.7,5.405668307834918,4.769750418446847,24.59789086965931,8186.185185185184,13,1.0,4.648960963208062,TO+3PM,9,False,False,"hashtag,sleeper_stats","dynatyze,fantasypros,hashtag"
24,4866,AJ Dybantsa,WoodDaGood,19.0,PF|SF,3813.0,5.368521994077631,2.3898433495042686,19.20641729184574,8140.719999999999,13,0.8,2.1088759492763947,TO+FG%,9,False,False,rookies_manual,"hashtag,rookies_manual"
25,2285,Trey Murphy,schunke2009,26.0,SF|SG,3629.1,5.13844024899603,5.995802034472842,23.949134150858885,7961.777777777778,23,1.0,6.468431938007951,TO,10,False,False,"hashtag,sleeper_stats","dynatyze,fantasypros,hashtag"
26,2316,Austin Reaves,TheSosa,28.0,PG|SG,3400.7,4.852614898160761,4.176822917181078,23.164376752034315,7845.0,24,1.0,4.928948004537631,TO,11,False,False,"hashtag,sleeper_stats","dynatyze,fantasypros,hashtag"
27,1648,Devin Booker,ek3,29.0,PG|SG,3313.9,4.744031457209077,3.544555071467499,23.14263237114737,7838.75,21,1.0,3.5194477104563875,TO+FG%,11,False,False,"hashtag,sleeper_stats","dynatyze,fantasypros,hashtag"
28,1613,Karl-Anthony Towns,Gannon1253,30.0,C|PF,3275.8,4.696435613459118,4.882408573049908,26.65914792972494,7811.759259259259,18,1.0,5.683122555885474,TO,11,False,False,"hashtag,sleeper_stats","dynatyze,fantasypros,hashtag"
29,2304,Franz Wagner,jsomb,24.0,PF|SF,3256.6,4.672381548115149,2.313493997789992,20.331532910645443,7734.37037037037,23,0.85,2.8108559496408105,TO,11,False,False,"hashtag,sleeper_stats","dynatyze,fantasypros,hashtag"
30,1924,Jaren Jackson,Kterr,26.0,C|PF,3230.3,4.639474766672372,3.3704516537832307,21.184142122348312,7487.296296296296,19,1.0,3.9426072794921345,TO,11,False,False,"hashtag,sleeper_stats","dynatyze,fantasypros,hashtag"
31,1747,Jamal Murray,kgjikondi,29.0,PG,3192.1,4.591688240497792,6.974154125907672,26.481848834525028,7456.5370370370365,30,1.0,7.226170535587843,TO,11,False,False,"hashtag,sleeper_stats","dynatyze,fantasypros,hashtag"
32,2181,Deni Avdija,Kterr,25.0,PF|SF|SG,3175.1,4.570345746291286,3.8688756104894106,26.117832554961982,7403.648148148148,26,1.0,3.71096653998448,TO,11,False,False,"hashtag,sleeper_stats","dynatyze,fantasypros,hashtag"
33,2313,Josh Giddey,ek3,23.0,PG,3148.6,4.537284053406759,3.898155899643702,27.198216942283114,7374.574074074074,33,1.0,4.282770235006687,TO+FG%,11,False,False,"hashtag,sleeper_stats","dynatyze,fantasypros,hashtag"
34,4740,Kon Knueppel,schunke2009,20.0,SF|SG,3109.2,4.487959846776561,4.853703459435546,19.569038823832894,7349.458478522957,28,1.0,3.3132013645240184,TO+BLK,11,False,False,"hashtag,sleeper_stats","dynatyze,fantasypros,hashtag"
35,2007,Darius Garland,Kterr,26.0,PG,3034.2,4.394075893144122,2.2387127850946085,19.471647947763287,7288.888888888889,25,1.0,2.272517297900932,TO+REB,11,False,False,"hashtag,sleeper_stats","dynatyze,fantasypros,hashtag"
36,2733,Alex Sarr,Kterr,21.0,C,3030.2,4.389087097897658,4.445391469287728,22.894341098771793,7284.722222222222,32,1.0,4.482386175667131,FT%+TO,11,False,False,"hashtag,sleeper_stats","dynatyze,fantasypros,hashtag"
37,2179,LaMelo Ball,schunke2009,24.0,PG,3013.3,4.368025968380028,4.825210004115126,24.197143285948766,7277.7962962962965,28,1.0,4.687917206547966,FG%+TO,11,False,False,"hashtag,sleeper_stats","dynatyze,fantasypros,hashtag"
38,2438,Jalen Duren,pwinslow,22.0,C,2970.0,4.313840421347743,5.198462499295186,24.1847030725256,7271.777777777777,35,1.0,4.530319747208237,3PM+FT%,11,False,False,"hashtag,sleeper_stats","dynatyze,fantasypros,hashtag"
39,1967,Jalen Brunson,jsomb,29.0,PG,2946.1,4.283880411846524,4.47439618553525,24.129012020883135,7264.759259259259,32,1.0,4.352535606725383,TO+BLK,11,False,False,"hashtag,sleeper_stats","dynatyze,fantasypros,hashtag"
40,4862,Caleb Wilson,ek3,20.0,PF|SF,2939.4,4.27552168626483,1.724243496562766,17.459398894714592,7182.0,30,0.8,1.5322855434483975,FT%+3PM,11,False,False,rookies_manual,"hashtag,rookies_manual"
41,2458,Paolo Banchero,Jmains715,23.0,PF,2890.0,4.213770359157903,3.0718252817758,25.239861394048848,6913.592592592592,22,1.0,2.7215852851459426,TO,11,False,False,"hashtag,sleeper_stats","dynatyze,fantasypros,hashtag"
42,1711,Jaylen Brown,phw23,29.0,PF|SF|SG,2827.1,4.1349700943822185,4.001845641402106,27.07286545308618,6874.0,42,1.0,3.972305254544601,TO,11,False,False,"hashtag,sleeper_stats","dynatyze,fantasypros,hashtag"
43,1846,Bam Adebayo,schunke2009,29.0,C|PF,2790.1,4.088732803543976,5.050325585802771,26.78483646956809,6845.814814814815,34,1.0,5.409084888012607,FG%,11,False,False,"hashtag,sleeper_stats","dynatyze,fantasypros,hashtag"
44,2722,Stephon Castle,jsomb,21.0,PG|SG,2749.2,4.037540149214958,2.4601009513782235,21.577361017642986,6767.944444444444,40,1.0,1.4550691300252678,TO+FT%,11,False,False,"hashtag,sleeper_stats","dynatyze,fantasypros,hashtag"
45,4737,VJ Edgecombe,phw23,20.0,PG|SG,2704.2,3.9812746425209333,4.709495325561765,20.951897067552295,6625.4629629629635,43,1.0,3.568985374108197,FG%+TO,11,False,False,"hashtag,sleeper_stats","dynatyze,fantasypros,hashtag"
46,1272,Anthony Davis,kgjikondi,33.0,C|PF,2672.7,3.941824458310793,2.847459755957294,28.43821676212195,6610.796296296296,28,0.8,6.432657544726136,TO+FT%,11,False,False,"hashtag,sleeper_stats","dynatyze,fantasypros,hashtag"
47,2728,Donovan Clingan,pwinslow,22.0,C,2644.8,3.9069654300045884,6.248179676282161,24.106280605090905,6513.074074074074,46,1.0,5.405381200256961,FT%+STL,11,False,False,"hashtag,sleeper_stats","dynatyze,fantasypros,hashtag"
48,2086,Tyler Herro,Jmains715,26.0,PG|SG,2620.5,3.876603705246617,3.1531212622189724,20.77080032851734,6462.0,37,0.825,4.030157806991946,TO,11,False,False,"hashtag,sleeper_stats","dynatyze,fantasypros,hashtag"
49,4881,Keaton Wagler,WoodDaGood,19.0,PG|SG,2533.7,3.76791208774077,0.6013468392894263,14.505811734636724,6386.770491803279,38,0.8,0.08133880781977036,FG%+TO,11,False,False,rookies_manual,"hashtag,rookies_manual"
50,1872,De'Aaron Fox,phw23,28.0,PG,2474.5,3.6938607706933393,3.051272434643912,21.03096288210488,6367.11111111111,30,1.0,2.9715648775899175,TO+BLK,11,False,False,"hashtag,sleeper_stats","dynatyze,fantasypros,hashtag"
51,4871,Mikel Brown,TheSosa,20.0,PG|SG,2447.3,3.65989676576841,0.9078760453172234,15.47555847889024,6313.372881355932,44,0.8,0.4127840042077877,FG%+TO,11,False,False,rookies_manual,"hashtag,rookies_manual"
52,2580,Keyonte George,TheSosa,22.0,PG|SG,2386.4,3.5836485005606202,4.786420002216971,22.696306865176325,6304.551774273661,44,1.0,4.392221283029443,TO+FG%,11,False,False,"hashtag,sleeper_stats","dynatyze,fantasypros,hashtag"
53,2568,Brandon Miller,Jmains715,23.0,PF|SF|SG,2363.9,3.555544922729799,3.6937003567961453,20.82055406361029,6254.314814814814,38,1.0,3.657301330671919,TO+FG%,11,False,False,"hashtag,sleeper_stats","dynatyze,fantasypros,hashtag"
54,1752,Lauri Markkanen,ek3,29.0,PF|SF,2302.9,3.479235436439856,5.256602034381031,25.5504088426349,6190.24074074074,47,1.0,6.97373554463504,balanced,11,False,False,"hashtag,sleeper_stats","dynatyze,fantasypros,hashtag"
55,4891,Darius Acuff,JayMakeitHappen,19.0,PG|SG,2259.5,3.4248751365610777,0.2572731013986718,14.613159001318799,6127.06896551724,50,0.8,-0.3642751010598938,TO+FG%,11,False,False,rookies_manual,"hashtag,rookies_manual"
56,1739,Domantas Sabonis,JayMakeitHappen,30.0,C|PF,2201.4,3.3521561223594265,1.3194116212745803,23.678232474321582,6119.962962962963,24,0.8,2.4385881981815434,TO+3PM,11,False,False,"hashtag,sleeper_stats","dynatyze,fantasypros,hashtag"
57,2136,Onyeka Okongwu,Jmains715,25.0,C,2170.5,3.313545638897351,4.631509745585369,22.212079855563527,6052.675925925926,55,1.0,4.672260175783643,TO,11,False,False,"hashtag,sleeper_stats","dynatyze,fantasypros,hashtag"
58,2143,Desmond Bane,pwinslow,28.0,PG|SG,2124.6,3.2561480118053643,4.280512702377438,20.31441653272749,6012.722222222222,35,1.0,4.05230483366098,TO,11,False,False,"hashtag,sleeper_stats","dynatyze,fantasypros,hashtag"
59,1697,Ivica Zubac,akatsoulakos,29.0,C,2100.4,3.2258457373686666,1.977688559654259,20.927318041416758,5956.185185185185,48,1.0,2.32366764503065,3PM+STL,11,False,False,"hashtag,sleeper_stats","dynatyze,fantasypros,hashtag"
60,2718,Zach Edey,RaySo,24.0,C,2081.3,3.2020069039282344,2.558128709568437,22.163384535495904,5919.583471785151,50,0.8,4.379179028771372,TO+3PM,11,False,False,"hashtag,sleeper_stats","dynatyze,fantasypros,hashtag"
61,1240,James Harden,phw23,36.0,PG,2067.2,3.184348193046982,4.429716305520729,26.071840824013968,5873.0,43,1.0,5.880379522550121,TO+FG%,11,False,False,"hashtag,sleeper_stats","dynatyze,fantasypros,hashtag"
62,1085,Stephen Curry,JayMakeitHappen,38.0,PG,2048.0,3.160287572285421,3.924263518511239,24.181730272147696,5853.12962962963,45,1.0,6.607334206305355,TO,11,False,False,"hashtag,sleeper_stats","dynatyze,fantasypros,hashtag"
63,1716,Pascal Siakam,Lsheqi03,32.0,C|PF,2021.3,3.1268935523153405,1.932395046221459,24.291572331361195,5836.092592592593,50,1.0,2.877239946723809,FT%+TO,11,False,False,"hashtag,sleeper_stats","dynatyze,fantasypros,hashtag"
64,2835,Matas Buzelis,RaySo,21.0,PF|SF,2007.6,3.109766956842626,4.308363184716819,19.604035300674006,5824.130031555576,52,1.0,3.2602111759500234,TO,11,False,False,"hashtag,sleeper_stats","dynatyze,fantasypros,hashtag"
65,1831,OG Anunoby,Kterr,29.0,PF|SF,1972.1,3.0653673297572976,3.7880651647145482,19.731642498260943,5613.777777777777,58,1.0,4.140122965289234,TO,11,False,False,"hashtag,sleeper_stats","dynatyze,fantasypros,hashtag"
66,2726,Kel'el Ware,schunke2009,22.0,C|PF,1913.6,2.9921396176383026,4.587438666735699,19.088344568383413,5613.484307948545,57,1.0,3.585152410965997,AST,11,False,False,"hashtag,sleeper_stats","dynatyze,fantasypros,hashtag"
67,4876,Kingston Flemings,pwinslow,19.0,PG|SG,1893.1,2.9665168545904397,-0.2109781711583858,13.508391405967075,5443.92931811807,54,0.8,-0.9395216056552005,FG%+TO,11,False,False,rookies_manual,"hashtag,rookies_manual"
68,1830,Derrick White,Gannon1253,32.0,PG|SG,1872.5,2.940670855914059,4.108018153826689,22.586350911578467,5442.037037037037,65,1.0,5.410377088890504,FG%+TO,11,False,False,"hashtag,sleeper_stats","dynatyze,fantasypros,hashtag"
69,2441,Walker Kessler,ek3,25.0,C,1864.5,2.9306704801221684,3.344277604661196,25.294048596801304,5421.999999999999,54,0.8,6.317522671651442,TO+FT%,11,False,False,"hashtag,sleeper_stats","dynatyze,fantasypros,hashtag"
70,1433,Kevin Durant,Gannon1253,37.0,PF|SF,1838.3,2.8978823289618063,4.709290893428302,24.85425618807974,5377.444444444443,61,1.0,5.964527147190546,TO,11,False,False,"hashtag,sleeper_stats","dynatyze,fantasypros,hashtag"
71,4883,Brayden Burries,pwinslow,20.0,PG|SG,1796.3,2.845334459753686,-0.442028089016101,12.101012117672761,5369.173090085274,57,0.8,-1.1209280110770803,FG%+REB,11,False,False,rookies_manual,"hashtag,rookies_manual"
72,2040,Ja Morant,TheSosa,26.0,PG,1765.2,2.8064777510844965,1.3634318533092893,20.970077672109884,5304.69072535413,40,0.8,1.4810155277217325,TO+FG%,11,False,False,"hashtag,sleeper_stats","fantasypros,hashtag"
73,1988,Michael Porter,TheSosa,28.0,PF|SF,1762.9,2.803599021515888,4.358291322029024,24.459596022828,5272.287426531932,67,1.0,5.219534021044443,TO+BLK,11,False,False,"hashtag,sleeper_stats","fantasypros,hashtag"
74,2054,Zion Williamson,Gannon1253,26.0,PF|SF,1754.4,2.79300214529162,2.100281568075681,20.632563872414938,5262.218074838219,52,1.0,1.965570746376585,FT%+3PM,11,False,False,"hashtag,sleeper_stats","dynatyze,fantasypros,hashtag"
75,2036,Naz Reid,RaySo,26.0,C|PF,1717.9,2.747364271174279,3.0519804669390687,18.74882477890692,5220.19870195935,70,1.0,2.8042113894788754,balanced,11,False,False,"hashtag,sleeper_stats","fantasypros,hashtag"
76,1698,Brandon Ingram,Gannon1253,28.0,PF|SF|SG,1697.5,2.7218058922289274,3.3216593229433906,21.60161042257875,5208.7714015008405,65,1.0,3.113981403253533,TO,11,False,False,"hashtag,sleeper_stats","dynatyze,fantasypros,hashtag"
77,2456,Keegan Murray,Jmains715,25.0,PF|SF,1681.1,2.7012360336048116,2.170803635874126,19.256457473196196,5192.656514444537,68,0.8,3.1276344133270837,FG%+AST,11,False,False,"hashtag,sleeper_stats","fantasypros,hashtag"
78,2135,Jaden McDaniels,Kterr,25.0,PF|SF,1641.1,2.6511609550617496,2.99332033976843,17.47478009046744,5011.9808873334005,74,1.0,2.7936245934575274,TO,11,False,False,"hashtag,sleeper_stats","fantasypros,hashtag"
79,2157,Immanuel Quickley,kgjikondi,27.0,PG|SG,1601.6,2.6017892193692878,3.9658756570099287,20.825843942418643,4958.527675285288,68,1.0,3.9089459686944505,BLK+FG%,11,False,False,"hashtag,sleeper_stats","fantasypros,hashtag"
80,2305,Jalen Suggs,Jmains715,25.0,PG,1592.0,2.5897321334294037,3.1737828065103897,19.763505651175574,4958.4265270947535,54,1.0,3.430010066523068,TO+FG%,11,False,False,"hashtag,sleeper_stats","dynatyze,fantasypros,hashtag"
81,1054,Kyrie Irving,TheSosa,34.0,PG|SG,1542.8,2.528272344853416,,,4926.087328890185,49,0.8,,n/a (consensus),11,True,False,,"dynatyze,fantasypros,hashtag"
82,4751,Derik Queen,schunke2009,21.0,C|PF,1499.3,2.473809721936032,2.528407153596362,18.399503690865465,4896.627648944934,76,1.0,1.371273204742966,TO+3PM,11,False,False,"hashtag,sleeper_stats","fantasypros,hashtag"
83,1934,Isaiah Hartenstein,JayMakeitHappen,28.0,C,1472.0,2.439682111720139,1.823427963133023,19.635149612881722,4858.099181017899,73,1.0,2.246996215461382,FT%+3PM,11,False,False,"hashtag,sleeper_stats","fantasypros,hashtag"
84,1975,Mikal Bridges,Kterr,29.0,PF|SF|SG,1463.4,2.4288893009012416,4.166007463414807,18.835624666834885,4844.49768885677,82,1.0,4.123504956614109,balanced,11,False,False,"hashtag,sleeper_stats","fantasypros,hashtag"
85,2719,Reed Sheppard,WoodDaGood,22.0,PG|SG,1446.1,2.4072649027697155,4.130858592091281,17.30179535478176,4832.906353700279,82,1.0,2.964987150651204,FG%+REB,11,False,False,"hashtag,sleeper_stats","fantasypros,hashtag"
86,4755,Collin Murray-Boyles,jsomb,21.0,C|PF,1416.0,2.369595344248724,1.3180100416874636,13.927872233565695,4709.944394901801,81,1.0,0.46020864591798083,3PM+FT%,11,False,False,"hashtag,sleeper_stats","fantasypros,hashtag"
87,4847,Kadary Richmond,FA,24.0,PF,1401.4,2.351342454186729,2.1788836040589787,15.835866049632902,,,0.4,4.275168098521325,3PM+PTS,11,False,False,sleeper_stats,
88,2449,Dyson Daniels,jsomb,23.0,SF|SG,1377.4,2.3212801783620907,3.871023492541495,22.043907333530406,4689.730958273954,41,1.0,3.899119449810134,3PM+FT%,11,False,False,"hashtag,sleeper_stats","fantasypros,hashtag"
89,2055,Nickeil Alexander-Walker,WoodDaGood,27.0,PG|SG,1363.4,2.3037737605094137,4.979970087450287,20.676631320889875,4686.818960038478,72,1.0,4.733703643695411,TO,11,False,False,"hashtag,sleeper_stats","fantasypros,hashtag"
90,2440,Mark Williams,RaySo,24.0,C,1343.1,2.2784409202062155,2.3827286911466135,17.503182403050417,4613.206028995231,76,1.0,2.499413511504342,3PM+AST,11,False,False,"hashtag,sleeper_stats","fantasypros,hashtag"
91,2032,Nic Claxton,akatsoulakos,27.0,C|PF,1320.7,2.250359458883648,1.8355119360725403,18.79479130410023,4530.328741621066,84,1.0,1.61140056311415,FT%+3PM,11,False,False,"hashtag,sleeper_stats","fantasypros,hashtag"
92,1713,Dejounte Murray,Gannon1253,29.0,PG|SG,1246.0,2.1568912216419536,1.8357268871633756,21.307131837536392,4529.322362344331,79,0.8,2.934046496951511,TO+BLK,11,False,False,"hashtag,sleeper_stats","fantasypros,hashtag"
93,2445,Jabari Smith,ek3,23.0,PF,1204.5,2.1050208798643513,3.3657712711213525,19.86129563980002,4493.6592392089,91,1.0,3.0958592836866323,FG%,11,False,False,"hashtag,sleeper_stats","fantasypros,hashtag"
94,1595,Myles Turner,kgjikondi,30.0,C,1182.0,2.0768747800765888,2.270565504900538,17.27302722764692,4479.302400012278,51,1.0,2.7534766867565152,AST+FG%,11,False,False,"hashtag,sleeper_stats","fantasypros,hashtag"
95,2714,Kyshawn George,Lsheqi03,22.0,SF|SG,1156.3,2.044710203186053,2.7889060210040784,19.303200763368896,4463.5831769438055,89,1.0,2.316505245024972,TO+FG%,11,False,False,"hashtag,sleeper_stats","fantasypros,hashtag"
96,1511,Joel Embiid,Lsheqi03,32.0,C,1139.8,2.0239858253850564,3.364744515128719,26.895904990784764,4461.430513557418,74,0.95,5.954262544218599,TO+STL,11,False,False,"hashtag,sleeper_stats","fantasypros,hashtag"
97,2309,Jalen Green,ek3,24.0,SF|SG,1123.9,2.004090218617082,0.3729455314523053,16.88217603632292,4460.243788172213,85,0.8,-0.07487944793315601,FG%+TO,11,False,False,"hashtag,sleeper_stats","fantasypros,hashtag"
98,4885,Morez Johnson,WoodDaGood,20.0,C|PF,1100.8,1.9752623535513405,0.0874871587185102,14.029255239414496,4397.414864735831,76,0.8,-0.37282387696321206,3PM+FT%,11,False,False,rookies_manual,"hashtag,rookies_manual"
99,2590,Anthony Black,pwinslow,22.0,PG|SF|SG,1092.2,1.9645474577142323,2.3885171865768484,18.001836602626827,4350.367753333364,88,1.0,1.5883676251755332,TO+FT%,11,False,False,"hashtag,sleeper_stats","fantasypros,hashtag"
100,1717,Fred VanVleet,kgjikondi,32.0,PG,1084.0,1.954254056251408,,,4349.9252547057395,67,0.8,,n/a (consensus),11,True,False,,"fantasypros,hashtag"
101,4864,Yaxel Lendeborg,Sbilofsky,23.0,PF|SF,1073.3,1.940859650595762,2.3567605114332366,18.390169069852778,4297.332572348811,60,0.8,2.291620979835472,FT%+3PM,11,False,False,rookies_manual,"hashtag,rookies_manual"
102,4758,Ace Bailey,Gannon1253,19.0,PF|SF,1052.3,1.9145334553615998,1.8594415127713977,15.390383434718228,4283.652533006848,71,1.0,0.5898677116368666,FG%+AST,11,False,False,"hashtag,sleeper_stats","fantasypros,hashtag"
103,1535,Julius Randle,phw23,31.0,PF,1032.8,1.890158843146874,2.5892747867880423,23.087075968100873,4263.833552945635,96,1.0,3.0216430184624024,TO+BLK,11,False,False,"hashtag,sleeper_stats","fantasypros,hashtag"
104,1787,Jarrett Allen,kgjikondi,28.0,C,1030.2,1.886927796468136,2.6927362531386185,20.62133699354327,4238.350644012265,62,1.0,3.1789689842879247,3PM+FT%,11,False,False,"hashtag,sleeper_stats","fantasypros,hashtag"
105,1526,Zach LaVine,Lsheqi03,31.0,SF|SG,1015.8,1.8689088693301066,0.9390608741939341,16.014404388786602,4196.915610743521,57,0.975,1.4269213274716313,TO+REB,11,False,False,"hashtag,sleeper_stats","fantasypros,hashtag"
106,1974,Deandre Ayton,Gannon1253,28.0,C,998.2,1.8468889966436002,2.0809195917010057,17.249132859058825,4168.6798667146995,100,1.0,1.8901626864971321,3PM+FT%,11,False,False,"hashtag,sleeper_stats","fantasypros,hashtag"
107,2772,Ajay Mitchell,schunke2009,24.0,PG|SG,980.0,1.8240987295143312,1.7720988731292981,15.912810891390741,4145.995694186954,86,1.0,1.6282087266653478,balanced,11,False,False,"hashtag,sleeper_stats","fantasypros,hashtag"
108,1998,Coby White,RaySo,26.0,PG|SG,969.4,1.810875187598768,0.38717387179536644,15.879418461234966,4099.3815612819835,66,1.0,-0.32099164208476505,TO+BLK,11,False,False,"hashtag,sleeper_stats","fantasypros,hashtag"
109,1637,Norman Powell,kgjikondi,33.0,SF|SG,965.9,1.806448686805519,1.7635961352054117,18.880448234600884,4089.0288171909997,99,1.0,2.684612701359944,TO+BLK,11,False,False,"hashtag,sleeper_stats","fantasypros,hashtag"
110,1590,Kristaps Porziņģis,kgjikondi,30.0,C,948.0,1.7841088632172282,2.049687615172617,19.212181522530134,4017.1882013443233,94,0.8,3.335407061603971,FG%+STL,11,False,False,"hashtag,sleeper_stats","fantasypros,hashtag"
111,2428,Alondes Williams,FA,27.0,PG|SG,944.2,1.7793884564837723,1.8360030488220245,17.221463922027688,,,0.4,3.235251739061404,balanced,11,False,False,sleeper_stats,
112,1350,Rudy Gobert,kgjikondi,34.0,C,895.7,1.7186924456361012,2.132812271710484,22.43079334256249,4011.669403787273,90,1.0,3.2076750522804245,FT%+3PM,11,False,False,"hashtag,sleeper_stats","fantasypros,hashtag"
113,1308,Kawhi Leonard,Lsheqi03,35.0,SF|SG,871.0,1.6877180193375427,6.14729053286367,28.017585858434042,4005.2635258516993,105,1.0,8.930726201716597,TO,11,False,False,"hashtag,sleeper_stats","fantasypros,hashtag"
114,4884,Nate Ament,RaySo,19.0,PF|SF,830.3,1.6367765481180152,0.6601745794402394,14.019766516233204,3968.856286147064,56,0.8,0.256702999936649,FG%+AST,11,False,False,rookies_manual,"hashtag,rookies_manual"
115,4750,Jeremiah Fears,akatsoulakos,19.0,PG,813.7,1.616012455641333,1.3141585427872746,15.81144923210123,3890.1153098885798,104,1.0,-0.10223828026072067,TO+FG%,11,False,False,"hashtag,sleeper_stats","fantasypros,hashtag"
116,2146,Devin Vassell,Jmains715,25.0,SF|SG,808.9,1.6100425487687147,2.210024005241346,16.3509436135291,3801.8677658015454,80,1.0,1.9620969506543875,FG%,11,False,False,"hashtag,sleeper_stats","fantasypros,hashtag"
117,2564,Brandin Podziemski,pwinslow,23.0,PG|SG,799.0,1.5976831908278026,2.2904637762558733,17.676945172534154,3789.336797592637,111,1.0,1.8099617877296101,BLK,11,False,False,"hashtag,sleeper_stats","fantasypros,hashtag"
118,2566,Ausar Thompson,ek3,23.0,SF|SG,774.8,1.5673440402650751,2.12855504843948,18.208392724545064,3763.2276791156064,78,1.0,2.091727537064202,FT%+3PM,11,False,False,"hashtag,sleeper_stats","fantasypros,hashtag"
119,2613,Toumani Camara,RaySo,26.0,PF|SF|SG,750.4,1.5368490505696148,2.0178857022596945,16.972799341510083,3718.871833196509,81,1.0,1.546643895122472,FG%+TO,11,False,False,"hashtag,sleeper_stats","fantasypros,hashtag"
120,2476,Shaedon Sharpe,jsomb,23.0,PG|SG,735.3,1.518002266674683,0.9842646871410505,18.514137299998552,3685.790600967745,105,1.0,0.6294864273252989,TO+BLK,11,False,False,"hashtag,sleeper_stats","fantasypros,hashtag"
121,4869,Hannes Steinbach,TheSosa,20.0,C|PF,705.5,1.4807233496545578,-0.3517842554666675,12.738026594365516,3665.6663609308666,116,0.8,-1.017336068426766,AST+STL,11,False,False,rookies_manual,"hashtag,rookies_manual"
122,1074,Paul George,JayMakeitHappen,36.0,PF|SF|SG,696.5,1.4694817545206083,2.313221895062923,21.359461152670256,3611.1764281419064,95,0.925,4.39419851199468,FG%+TO,11,False,False,"hashtag,sleeper_stats","fantasypros,hashtag"
123,2454,Peyton Watson,Jmains715,23.0,PF|SF,676.6,1.4445116444125727,1.9463608486644417,17.524913780576814,3594.450973037447,112,1.0,1.945511157572677,FT%+TO,11,False,False,"hashtag,sleeper_stats","fantasypros,hashtag"
124,4748,Cedric Coward,Sbilofsky,22.0,SF|SG,663.0,1.427536804860426,2.0474296967257852,16.68654248971278,3570.919623871371,114,1.0,1.092439543415627,STL+TO,11,False,False,"hashtag,sleeper_stats","fantasypros,hashtag"
125,2463,Ryan Rollins,Gannon1253,24.0,PG,648.3,1.409151776005667,3.8603809848877852,21.312477767213277,3562.1136872539614,120,1.0,3.687738705894405,TO,11,False,False,"hashtag,sleeper_stats",hashtag
126,1913,Miles Bridges,WoodDaGood,28.0,PF,637.9,1.3961128702984091,2.654997783795008,19.26319638708089,3559.0567773466473,100,1.0,2.406808328179272,STL,11,False,False,"hashtag,sleeper_stats","fantasypros,hashtag"
127,4777,Ryan Kalkbrenner,Lsheqi03,24.0,C,636.5,1.3943604688131057,1.2118415627896817,13.081281010017538,3497.3988283480376,117,1.0,0.9132365469332119,3PM+AST,11,False,False,"hashtag,sleeper_stats","fantasypros,hashtag"
128,2620,Scoot Henderson,Gannon1253,22.0,PG,626.4,1.3817817210852001,0.46760697425464265,14.45274558527818,3492.174287106861,75,0.8,-0.5663237511742447,TO+FG%,11,False,False,"hashtag,sleeper_stats","fantasypros,hashtag"
129,2457,Christian Braun,Sbilofsky,25.0,SF|SG,601.5,1.3506107692017737,0.9287523476798051,14.999039593031162,3488.8884906749504,104,1.0,0.7091470651181441,BLK,11,False,False,"hashtag,sleeper_stats","fantasypros,hashtag"
130,2565,Bilal Coulibaly,Kterr,22.0,PF|SF,560.3,1.2989750908851967,2.1455827424540836,16.561913451521296,3447.9267398412344,64,1.0,1.4734773335886233,FG%+FT%,11,False,False,"hashtag,sleeper_stats","fantasypros,hashtag"
131,2439,Jaden Ivey,RaySo,24.0,PG|SG,543.5,1.278034353091089,-0.7846889830933731,10.13525921114128,3443.440066594449,124,0.925,-1.7440134548494182,REB+STL,11,False,False,sleeper_stats,fantasypros
132,2583,Jaime Jaquez,TheSosa,25.0,PF|SF|SG,534.7,1.2670092114079377,1.417835580876821,17.827669366193717,3439.0807359271885,115,1.0,0.8730430823939583,TO+3PM,11,False,False,"hashtag,sleeper_stats","fantasypros,hashtag"
133,1803,Josh Hart,JayMakeitHappen,31.0,SF|SG,518.8,1.2471427986537431,2.043053419133206,20.044927666488366,3432.2256717708005,101,1.0,2.8034799499675294,TO+FT%,11,False,False,"hashtag,sleeper_stats","fantasypros,hashtag"
134,2001,RJ Barrett,WoodDaGood,26.0,PF|SF|SG,507.9,1.2334631807049425,1.6387104503297505,19.447278282224058,3410.5326432692705,115,1.0,1.3860079722228378,FT%+TO,11,False,False,"hashtag,sleeper_stats","fantasypros,hashtag"
135,2142,Payton Pritchard,TheSosa,28.0,PG,488.2,1.208882607209645,3.412307516267826,19.29823888776219,3372.545390898722,118,1.0,3.1576424166036507,BLK,11,False,False,"hashtag,sleeper_stats","fantasypros,hashtag"
136,1362,LeBron James,phw23,41.0,PF|SF,468.2,1.1838271335410517,2.871629808252978,25.435283909683566,3359.194253940898,106,1.0,4.2877086078459605,TO+FT%,11,False,False,"hashtag,sleeper_stats","fantasypros,hashtag"
137,4738,Tre Johnson,ek3,20.0,PG|SG,450.9,1.1621084066133134,0.03336932939624384,12.065039947130865,3331.774586547607,98,1.0,-1.3937939777991961,FG%+STL,11,False,False,"hashtag,sleeper_stats","fantasypros,hashtag"
138,1718,Jakob Poeltl,kgjikondi,30.0,C,437.5,1.1454005064500685,0.8564045760769667,16.46182661619884,3314.5003602331285,97,1.0,1.3953772944849643,FT%+3PM,11,False,False,"hashtag,sleeper_stats","fantasypros,hashtag"
139,2584,Dereck Lively,pwinslow,22.0,C,408.6,1.1092666842933627,0.7174462785246191,12.317638829054896,3297.540831638114,72,0.8,0.14521143841738093,3PM+PTS,11,False,False,"hashtag,sleeper_stats","fantasypros,hashtag"
140,4863,Dailyn Swain,ek3,21.0,PF|SF,397.0,1.094715990704622,-0.5567891079528103,11.954917276374253,3204.894026890913,125,0.8,-1.2595115061991469,FG%+FT%,11,False,False,rookies_manual,"hashtag,rookies_manual"
141,2586,Cason Wallace,WoodDaGood,22.0,PG|SF|SG,387.1,1.0823973328329124,2.5599443689715797,14.446436154358032,3194.0730279293048,132,1.0,1.6691438736058704,FG%+REB,11,False,False,"hashtag,sleeper_stats","fantasypros,hashtag"
142,4888,Aday Mara,jsomb,21.0,C,370.8,1.0618975249719844,-0.31171668421224497,11.917015757957833,3124.203411614736,82,0.8,-0.9318577522313138,FT%+3PM,11,False,False,rookies_manual,"hashtag,rookies_manual"
143,2617,Jalen Slawson,FA,26.0,PF|SF,361.5,1.0502981179291793,1.2271732034621823,15.318815033792484,,,0.4,1.9096329416894167,PTS+FT%,11,False,False,sleeper_stats,
144,2447,Tari Eason,Jmains715,25.0,SF|SG,329.0,1.0096862386742473,1.1285680596711487,15.89864869434424,3101.648245094802,89,1.0,0.8888426919338206,FG%+AST,11,False,False,"hashtag,sleeper_stats","fantasypros,hashtag"
145,2091,Cameron Johnson,Jmains715,30.0,PF|SF|SG,309.9,0.9857838822954786,1.125847601908059,14.684706504150794,3099.0598753879553,86,1.0,1.3955746113757084,balanced,11,False,False,"hashtag,sleeper_stats","fantasypros,hashtag"
146,4793,Maxime Raynaud,Lsheqi03,23.0,C,302.6,0.9766879341613014,1.2672474023897653,16.227649870418492,2990.801038866833,130,1.0,0.8418181474722394,3PM+STL,11,False,False,"hashtag,sleeper_stats","fantasypros,hashtag"
147,2461,Andrew Nembhard,TheSosa,26.0,PG|SG,281.5,0.9502042522904919,2.2348692383804236,19.798094583366023,2974.173612228466,132,1.0,2.003055081451294,TO+BLK,11,False,False,"hashtag,sleeper_stats","fantasypros,hashtag"
148,4857,Bez Mbeng,FA,23.0,PG|SG,261.5,0.9252591581616287,1.0372901951304692,15.947331662121623,,,0.4,1.6021803604530365,3PM+FT%,11,False,False,sleeper_stats,
149,1983,Anfernee Simons,Lsheqi03,27.0,PG|SG,259.1,0.9221764890966383,0.5009870724730695,13.33940560163482,2926.3145446000067,92,1.0,-0.10792352744893519,BLK+STL,11,False,False,"hashtag,sleeper_stats","fantasypros,hashtag"
150,1321,DeMar DeRozan,kgjikondi,36.0,PF|SF|SG,246.8,0.9067857707264703,1.9775409378884397,17.95794105260213,2915.4706062088144,117,1.0,2.594498616514984,3PM+REB,11,False,False,"hashtag,sleeper_stats","fantasypros,hashtag"
151,1000,Jimmy Butler,phw23,36.0,PF|SF|SG,232.0,0.8883527815604915,2.9403317572601706,22.688389635807134,2904.9874891409413,103,0.95,5.385218922089971,BLK+3PM,11,False,False,"hashtag,sleeper_stats","fantasypros,hashtag"
152,2281,Santi Aldama,TheSosa,25.0,PF|SF,218.9,0.8718801111606422,2.1223584158095,19.458359972388372,2875.02916536995,144,1.0,2.441468093007641,FT%,11,False,False,"hashtag,sleeper_stats","fantasypros,hashtag"
153,2474,Moussa Diabaté,RaySo,24.0,C,207.4,0.8575376267571376,1.984928569800796,17.342608042002666,2833.1441467791865,140,1.0,1.819025524892794,3PM+FT%,11,False,False,"hashtag,sleeper_stats","fantasypros,hashtag"
154,2753,Jaylen Wells,Kterr,22.0,SF|SG,179.2,0.8222614208915708,0.48134205414195586,12.926537041849167,2822.485758695845,134,1.0,-0.6481446885053266,BLK+FG%,11,False,False,"hashtag,sleeper_stats","fantasypros,hashtag"
155,4879,Jayden Quaintance,WoodDaGood,19.0,C|PF,157.3,0.7948538977844303,0.1331099125619219,13.582072745176301,2816.034804008897,66,0.8,-0.20873086299998078,FT%+3PM,11,False,False,rookies_manual,"hashtag,rookies_manual"
156,2856,Cormac Ryan,FA,27.0,PG|SG,149.9,0.7856006959409425,1.064387867497962,13.636706335981012,,,0.4,1.4283649017108044,REB+BLK,11,False,False,sleeper_stats,
157,4856,Andersson Garcia,FA,25.0,PF|SF,138.9,0.7718093107639319,0.8268857501615594,17.391846688920246,,,0.4,1.4032896559344215,FG%+3PM,11,False,False,sleeper_stats,
158,4761,Khaman Maluach,Jmains715,19.0,C,129.2,0.7597075770374769,-2.016362123213162,5.669763344371811,2790.167696952005,123,1.0,-4.011585098393149,STL+AST,11,False,False,"hashtag,sleeper_stats","fantasypros,hashtag"
159,4868,Christian Anderson,schunke2009,20.0,PG|SG,113.2,0.7396527610995343,-0.7705134892192499,12.507096105954718,2783.9764675918273,105,0.8,-1.6656728552102964,FG%+TO,11,False,False,rookies_manual,"hashtag,rookies_manual"
160,2275,Day'Ron Sharpe,pwinslow,24.0,C,100.0,0.7231547025485893,0.27343073169556464,14.766441432094002,2778.863204073025,141,1.0,-0.14132482446794947,3PM+FT%,11,False,False,"hashtag,sleeper_stats","fantasypros,hashtag"
161,1883,Wendell Carter,TheSosa,27.0,C,99.7,0.702293150677627,2.159608582843218,17.43224404743375,2738.872508164327,145,1.0,1.8061666462974733,3PM,11,False,False,"hashtag,sleeper_stats","fantasypros,hashtag"
162,2255,Ayo Dosunmu,Gannon1253,26.0,PG|SG,99.6,0.6932392831850419,2.2947165717328346,16.133888581054983,2736.01623068874,151,1.0,1.9765375650217032,BLK,11,False,False,"hashtag,sleeper_stats","fantasypros,hashtag"
163,1450,CJ McCollum,Lsheqi03,34.0,PG|SG,99.1,0.6482124901239578,1.567126678884628,18.628666998375174,2706.199063607345,152,1.0,2.054881274537238,TO+FG%,11,False,False,"hashtag,sleeper_stats","fantasypros,hashtag"
164,2524,Lucas Williamson,FA,27.0,SF|SG,99.1,0.6481058765488803,0.819771934344346,16.336227212465744,,,0.4,1.178374320997964,FG%+BLK,11,False,False,sleeper_stats,
165,2144,Aaron Nesmith,Gannon1253,26.0,SF|SG,98.9,0.6295527453851876,0.7610590544161812,14.950681658326099,2682.6183300570337,140,1.0,0.37701091023846417,FG%+STL,11,False,False,"hashtag,sleeper_stats","fantasypros,hashtag"
166,2286,Herbert Jones,Kterr,27.0,SF|SG,98.3,0.5874911468540543,0.8373731202234124,14.191726786716192,2666.1325471538976,130,1.0,0.5759323999558315,FG%,11,False,False,"hashtag,sleeper_stats","fantasypros,hashtag"
167,4851,Julian Reese,akatsoulakos,23.0,C,98.3,0.5819679464342656,0.7091193923031468,20.235598575532403,,,0.4,1.0077367037822782,FT%+TO,11,False,False,sleeper_stats,
168,4880,Allen Graves,jsomb,19.0,PF|SF,97.7,0.5355636485472772,-1.8791284352292499,6.700066810024733,2658.277011968041,137,0.8,-3.9059141953252663,PTS+AST,11,False,False,rookies_manual,"hashtag,rookies_manual"
169,2243,Trevon Scott,FA,29.0,PF|SF,97.3,0.5013738968815956,0.6418578344819381,15.028597067498561,,,0.4,0.9595672667590346,FG%+PTS,11,False,False,sleeper_stats,
170,4858,Adama Bal,FA,22.0,PF|SF,97.3,0.5009735486212531,0.6923706240413622,13.564151257423186,,,0.4,0.867486664279226,FG%+BLK,11,False,False,sleeper_stats,
171,4744,Egor Dëmin,schunke2009,20.0,PG|SG,96.5,0.4393065136531239,0.9701129244783606,13.402091139531318,2650.07847224855,121,1.0,-0.23593473902608478,FG%+TO,11,False,False,"hashtag,sleeper_stats","fantasypros,hashtag"
172,2029,P.J. Washington,akatsoulakos,27.0,C|PF|SF,96.2,0.41507345037933485,1.8717735203520889,19.229777638136927,2643.6437149858575,131,1.0,1.858379067773332,FT%+FG%,11,False,False,"hashtag,sleeper_stats","fantasypros,hashtag"
173,2012,Jordan Poole,Kterr,27.0,PG|SG,96.1,0.4031628402885285,-0.08467715452036156,13.189570049453158,2637.916688314142,55,0.975,-0.874211147387296,FG%+REB,11,False,False,"hashtag,sleeper_stats","fantasypros,hashtag"
174,4865,Labaron Philon,Sbilofsky,20.0,PG|SG,95.8,0.38099738251886156,-1.3594999440373254,9.800410824463018,2608.5171339609524,120,0.8,-2.4824234135311354,REB+FG%,11,False,False,rookies_manual,"hashtag,rookies_manual"
175,2435,Bennedict Mathurin,Sbilofsky,24.0,SF|SG,95.8,0.37690483796861385,1.1954363157489818,17.217312090795083,2593.75333042506,139,1.0,0.7905896437256364,TO+FG%,11,False,False,"hashtag,sleeper_stats","fantasypros,hashtag"
176,2737,Zaccharie Risacher,kgjikondi,21.0,SF,95.7,0.3703864874709227,0.46608450375147226,12.363296282270069,2588.3035436016635,119,1.0,-0.6203660039473392,AST+FT%,11,False,False,"hashtag,sleeper_stats","fantasypros,hashtag"
177,2159,Isaiah Stewart,WoodDaGood,25.0,C|PF,95.5,0.35401151401990355,1.2478209523820503,14.158807698345816,2483.0498738492315,157,1.0,0.9859653861142402,STL+AST,11,False,False,"hashtag,sleeper_stats","fantasypros,hashtag"
178,2422,Collin Gillespie,Lsheqi03,27.0,PG|SG,95.3,0.3374230014261311,3.0347317599940427,17.791225679357616,2467.2996527959863,146,1.0,2.6387055176102945,FG%+BLK,11,False,False,"hashtag,sleeper_stats","fantasypros,hashtag"
179,1585,Aaron Gordon,Lsheqi03,30.0,C|PF,95.1,0.32640686455277196,1.2867788401341225,18.221401765299788,2461.5997156392773,146,0.9,1.9383677718581291,STL+BLK,11,False,False,"hashtag,sleeper_stats","fantasypros,hashtag"
180,1997,Daniel Gafford,JayMakeitHappen,27.0,C,95.0,0.31765006157174847,1.380340704579409,15.731951993361351,2451.4982754155394,127,1.0,1.3268489683294025,3PM+FT%,11,False,False,"hashtag,sleeper_stats","fantasypros,hashtag"
181,1444,Damian Lillard,Lsheqi03,36.0,PG,95.0,0.3111798853076151,,,2448.1410549747948,136,0.8,,n/a (consensus),11,True,False,,"fantasypros,hashtag"
182,2776,Daniss Jenkins,kgjikondi,24.0,PG|SG,94.8,0.3005578940009606,-0.6978737025257606,11.948639064306905,2372.0552682838616,168,1.0,-1.4872999045754172,FG%+REB,11,False,False,"hashtag,sleeper_stats",hashtag
183,4756,Yanic Konan Niederhäuser,jsomb,23.0,C,94.5,0.2740002639860667,-2.1103171589053886,6.393639759232343,2370.649891321936,158,1.0,-3.5529126374473203,STL+3PM,11,False,False,"hashtag,sleeper_stats","fantasypros,hashtag"
184,2009,Kevin Porter,RaySo,26.0,PG|SG,94.3,0.2574842757753534,4.323118727194913,24.717836777012486,2335.867317221722,164,0.95,5.7443030101372825,TO,11,False,False,"hashtag,sleeper_stats","fantasypros,hashtag"
185,2301,Davion Mitchell,kgjikondi,27.0,PG,94.1,0.2418242926944641,1.2647754022350737,15.38492758756481,2331.8793297162747,169,1.0,0.8072590005009218,BLK+REB,11,False,False,"hashtag,sleeper_stats","fantasypros,hashtag"
186,4887,Koa Peat,phw23,19.0,PF|SF,93.9,0.22675782581722137,-0.5107259302177712,14.731339874742567,2329.733720608024,70,0.8,-1.15331701683472,FT%+3PM,11,False,False,rookies_manual,"hashtag,rookies_manual"
187,1779,Malik Monk,akatsoulakos,28.0,PG|SG,93.6,0.1983630304853997,0.10719343282768126,12.62851927420816,2316.7931350403856,125,1.0,-0.4766899188763011,REB+FG%,11,False,False,"hashtag,sleeper_stats","fantasypros,hashtag"
188,2715,Bub Carrington,Jmains715,21.0,PG|SG,93.4,0.1872622410627188,0.3136223715584141,13.748095263956545,2315.4248155618643,88,1.0,-1.1359198237817423,TO+FG%,11,False,False,"hashtag,sleeper_stats","fantasypros,hashtag"
189,1950,Robert Williams,phw23,28.0,C,93.3,0.17880996952502037,1.6585406862417624,14.902637609199225,2288.5739360231473,163,1.0,1.806472387688548,3PM+AST,11,False,False,"hashtag,sleeper_stats","fantasypros,hashtag"
190,2713,Jared McCain,schunke2009,22.0,PG|SG,93.2,0.16794408132379354,-1.2126611789952801,8.621119763849826,2220.782078855204,108,1.0,-2.6281007189187244,REB+BLK,11,False,False,"hashtag,sleeper_stats","fantasypros,hashtag"
191,2475,Jaylin Williams,WoodDaGood,24.0,C,93.2,0.1649398870455495,0.6568083436806317,13.549023601573698,,,1.0,0.1776275706644379,STL+PTS,11,False,False,sleeper_stats,
192,4870,Joshua Jefferson,Gannon1253,22.0,PF|SF,93.2,0.16469251958772882,,,2197.9382979291763,177,0.8,,n/a (consensus),11,True,False,,hashtag
193,4877,Chris Cenac,TheSosa,19.0,C|PF,92.9,0.1452543196903347,0.38778033916251176,14.579255394908976,2193.1606504314386,72,0.8,0.08292523428594467,3PM+FT%,11,False,False,rookies_manual,"hashtag,rookies_manual"
194,2467,Kennedy Chandler,phw23,23.0,PG|SG,92.9,0.1397719118771066,0.43963174699566876,18.719194560994428,,,0.4,0.2420292846356824,FT%+TO,11,False,False,sleeper_stats,
195,1809,John Collins,Lsheqi03,28.0,C|PF,92.8,0.13500341636115168,1.6415403188745157,15.62970941041863,2177.3000062517153,145,1.0,1.515686059630297,AST,11,False,False,"hashtag,sleeper_stats","fantasypros,hashtag"
196,2703,Malachi Smith,FA,26.0,PG|SG,92.7,0.12826804713981357,0.4109833548473714,12.6706473061022,,,0.4,0.23321463116329738,BLK+PTS,11,False,False,sleeper_stats,
197,2563,Jarace Walker,pwinslow,22.0,PF|SF,92.6,0.1164780953654503,0.6854902853076308,14.818731281757122,2160.659608160924,154,1.0,-0.48322352690451376,FG%+TO,11,False,False,"hashtag,sleeper_stats","fantasypros,hashtag"
198,2644,Leaky Black,FA,27.0,PF|SF,92.5,0.10657109217419919,0.31863027479506145,13.187494781549944,,,0.4,0.1937656221349076,FG%+PTS,11,False,False,sleeper_stats,
199,2306,Jonathan Kuminga,phw23,23.0,PF,92.3,0.09227907495739607,-0.5274425990824554,14.49278098963428,2146.298371498507,168,0.9,-1.3763156232600922,FT%+TO,11,False,False,"hashtag,sleeper_stats","fantasypros,hashtag"
200,2724,Isaiah Collier,Gannon1253,21.0,PG,92.2,0.08299338377813936,0.9127277355356586,16.29645208189225,2134.9091886917345,137,1.0,-0.16412479459527168,TO+3PM,11,False,False,"hashtag,sleeper_stats","fantasypros,hashtag"
201,1792,Dillon Brooks,kgjikondi,30.0,PF|SF|SG,92.1,0.0802881422835304,0.967623475675137,17.366313426807018,2134.345641266312,171,1.0,1.0758312720672913,FG%+BLK,11,False,False,"hashtag,sleeper_stats","fantasypros,hashtag"
202,2712,Jaylon Tyson,TheSosa,23.0,PF|SF|SG,91.8,0.05241189085777238,1.4992777361229859,15.912479274718256,2116.9899900249543,165,1.0,1.1601282083403996,balanced,11,False,False,"hashtag,sleeper_stats","fantasypros,hashtag"
203,2571,Noah Clowney,ek3,22.0,C|PF,91.2,0.007643647240964368,1.1362978121656158,14.363273370710223,2110.8571945998397,179,1.0,0.07488471952572506,FG%+AST,11,False,False,"hashtag,sleeper_stats","fantasypros,hashtag"
204,2766,Kyle Filipowski,phw23,22.0,C|PF,91.1,-0.00541890550396063,2.3436820213013836,17.364840139539645,2103.1730240235875,158,1.0,1.2487450606133041,balanced,11,False,False,"hashtag,sleeper_stats","fantasypros,hashtag"
205,2777,Blake Hinson,FA,26.0,PF|SF,91.1,-0.0057948369066028495,0.3077333311507827,11.428689178559296,,,0.4,-0.01053606710291427,STL+BLK,11,False,False,sleeper_stats,
206,4867,Ebuka Okorie,schunke2009,19.0,PG|SG,91.0,-0.014077848130268765,-2.1755859624634115,5.700000057036625,2092.1625667329295,175,0.8,-4.495236424078329,REB+PTS,11,False,False,rookies_manual,"hashtag,rookies_manual"
207,2358,Micah Potter,akatsoulakos,28.0,C,90.7,-0.03751616675727559,0.40292323182594486,12.657748224433126,,,1.0,-0.05881593892518011,STL+AST,11,False,False,sleeper_stats,
208,1959,Grayson Allen,JayMakeitHappen,30.0,SF|SG,90.6,-0.04751556762534253,2.19375268184688,18.35071360325914,2087.801581159214,174,1.0,2.939275658675043,FG%+REB,11,False,False,"hashtag,sleeper_stats","fantasypros,hashtag"
209,4821,Chaney Johnson,FA,24.0,C|PF,90.4,-0.060276316035058376,0.1877367994377939,12.781922510812546,,,0.425,-0.10959330188192432,3PM+PTS,11,False,False,sleeper_stats,
210,1486,Nikola Vučević,Lsheqi03,35.0,C,90.4,-0.06255163869447718,2.538936435500315,21.49866986273525,2083.3074685848883,126,1.0,3.8398433059592425,STL,11,False,False,"hashtag,sleeper_stats","fantasypros,hashtag"
211,4872,Karim Lopez,TheSosa,19.0,PF|SF,90.1,-0.0845455393456928,-1.30597208761303,10.402517025711331,2058.300411632623,130,0.8,-2.3926679457204,FT%+FG%,11,False,False,rookies_manual,"hashtag,rookies_manual"
212,2488,Gui Santos,akatsoulakos,24.0,PF|SF,89.9,-0.10066392118208713,-0.2575686525595313,12.332966858471849,1985.49936882601,189,1.0,-0.8955857242271683,FT%,11,False,False,"hashtag,sleeper_stats",hashtag
213,2020,Rui Hachimura,Gannon1253,28.0,PF|SF,89.8,-0.10660137694004816,0.0993518941398876,11.90153484031795,1971.9775972171228,178,1.0,-0.36617030621656566,AST+STL,11,False,False,"hashtag,sleeper_stats","fantasypros,hashtag"
214,1892,Collin Sexton,ek3,27.0,PG|SG,89.8,-0.10950269396695594,0.9574651320328665,14.500353235873597,1957.6583068296015,141,1.0,0.4018968976675734,TO+BLK,11,False,False,"hashtag,sleeper_stats","fantasypros,hashtag"
215,4874,Cameron Carr,Jmains715,21.0,PG|SG,89.5,-0.13396203545511756,-1.8369051055344314,8.300009410876733,1939.6792810773732,150,0.8,-3.351019045829862,FG%+REB,11,False,False,rookies_manual,"hashtag,rookies_manual"
216,2468,Max Christie,pwinslow,23.0,SF|SG,89.4,-0.14531560961348375,0.9324615200924538,13.248964031066832,1914.3561605258553,179,1.0,0.3150779658756263,FG%+STL,11,False,False,"hashtag,sleeper_stats","fantasypros,hashtag"
217,4753,Carter Bryant,jsomb,20.0,PF|SF,89.2,-0.15913891386980106,-2.422042611151416,6.2004654559499,1912.2948322963096,150,1.0,-4.011516501478256,STL+PTS,11,False,False,"hashtag,sleeper_stats","fantasypros,hashtag"
218,2102,DaQuan Jeffries,FA,28.0,PF|SF,89.1,-0.16410578628174424,0.07184239201929846,9.1666686806745,,,0.4,-0.314078059869367,AST+BLK,11,False,False,sleeper_stats,
219,4823,Tyler Burton,FA,26.0,PF|SF,88.9,-0.18525674163847874,0.07864952560376595,13.054614254926411,,,0.4,-0.3368304393426886,FG%+AST,11,False,False,sleeper_stats,
220,4822,Lawson Lovering,FA,23.0,C,88.8,-0.19124366509466142,-0.10467608058469685,15.597185250212238,,,0.4,-0.3311578616357773,FT%+3PM,11,False,False,sleeper_stats,
221,1964,Donte DiVincenzo,phw23,29.0,SF|SG,88.8,-0.19351639005573984,2.7594117842057506,17.490777931654616,1899.7725040498028,143,1.0,2.5386007694204533,FG%,11,False,False,"hashtag,sleeper_stats","fantasypros,hashtag"
222,2716,Terrence Shannon,Sbilofsky,25.0,PF|SF|SG,88.3,-0.2315062010683468,-2.8034586877989245,5.225249185647054,1875.2945139209528,180,1.0,-4.544081784537406,REB+STL,11,False,False,"hashtag,sleeper_stats","fantasypros,hashtag"
223,2621,Leonard Miller,schunke2009,22.0,C|PF,88.0,-0.2561243986992162,-0.6169575726670132,9.670735207783848,1860.1836925693012,183,1.0,-2.0452231784994157,STL+AST,11,False,False,"hashtag,sleeper_stats","fantasypros,hashtag"
224,4759,Kasparas Jakučionis,JayMakeitHappen,20.0,PG|SG,87.9,-0.26492018032140574,-0.34307235662807767,9.459586410402586,1824.5500291508974,147,1.0,-1.84022169799245,BLK+PTS,11,False,False,"hashtag,sleeper_stats","fantasypros,hashtag"
225,2432,Keon Ellis,JayMakeitHappen,26.0,PG|SG,87.5,-0.2958513496570209,-0.2308796240836215,9.880360465583768,1819.2499849241672,142,1.0,-0.7729271149094716,REB+AST,11,False,False,"hashtag,sleeper_stats","fantasypros,hashtag"
226,4739,Will Riley,schunke2009,20.0,PF|SF|SG,87.3,-0.3178832097708651,-0.6885316314805364,10.926253041748621,1809.0413461294802,191,1.0,-2.10331285213439,BLK+REB,11,False,False,"hashtag,sleeper_stats","fantasypros,hashtag"
227,2480,Nikola Jović,jsomb,23.0,C|PF|SF,87.1,-0.32839958501340966,-1.9236415772961293,10.148918939339238,1807.1092606390328,167,1.0,-3.216013284013298,FG%+FT%,11,False,False,"hashtag,sleeper_stats","fantasypros,hashtag"
228,2573,Cam Whitmore,TheSosa,22.0,PF|SF,87.0,-0.33630275769553414,-0.7459878643637912,9.796443362051201,1804.5024580545453,160,0.8,-2.315505151996042,AST+REB,11,False,False,"hashtag,sleeper_stats","fantasypros,hashtag"
229,4764,Nique Clifford,Gannon1253,24.0,SF|SG,87.0,-0.34003635060760623,-1.020756390058429,11.891037441243734,1772.720074505558,200,1.0,-1.7625674803141804,FG%,11,False,False,"hashtag,sleeper_stats","fantasypros,hashtag"
230,2514,Daeqwon Plowden,FA,27.0,PF|SF,87.0,-0.34335431233394476,-0.03021647083515039,11.719993251688015,,,0.8,-0.6242805678798995,AST+FG%,11,False,False,sleeper_stats,
231,2771,Oso Ighodaro,JayMakeitHappen,24.0,C,86.8,-0.3550740442607119,-0.41150590813340604,12.619426624323197,1763.3032541585305,188,1.0,-0.9300229926729114,FT%+3PM,11,False,False,"hashtag,sleeper_stats","fantasypros,hashtag"
232,2141,Nick Richards,FA,28.0,C,86.7,-0.36511251729191163,-2.368550437903163,8.860938395579119,1748.5883254497824,204,1.0,-3.741800705996171,STL+3PM,11,False,False,sleeper_stats,fantasypros
233,2156,Jalen Smith,ek3,26.0,C|PF,86.6,-0.36911188619101953,1.2874167702716077,15.464657346178488,1735.4107200036606,201,1.0,1.1135087426925703,STL+AST,11,False,False,"hashtag,sleeper_stats","fantasypros,hashtag"
234,1999,Max Strus,Jmains715,30.0,PF|SF,86.6,-0.3724388606920196,0.18730130591774732,14.236261567017243,1730.5789239162418,198,0.8,0.3812609509340945,STL+BLK,11,False,False,"hashtag,sleeper_stats","fantasypros,hashtag"
235,1187,Kevin Love,FA,37.0,C|PF,86.3,-0.39698103977597576,-0.24458857924900923,12.159942734977314,,,0.925,-0.9253637290815285,STL+FG%,11,False,False,sleeper_stats,
236,4826,John Poulakidas,FA,23.0,PF|SF|SG,86.3,-0.39958526337207423,-0.09990404778229985,10.153908248897032,,,0.4,-0.6919225339776176,AST+REB,11,False,False,sleeper_stats,
237,2745,Tristen Newton,FA,25.0,PG,85.9,-0.4274951975093307,-0.20305395604295406,12.001292069280545,,,0.4,-0.7772639954715103,FT%+AST,11,False,False,sleeper_stats,
238,2512,Mouhamadou Gueye,FA,28.0,PF|SF,85.4,-0.46692771788416043,-0.24154362891008693,11.751565942213364,,,0.4,-0.8936415653285367,3PM+REB,11,False,False,sleeper_stats,
239,4747,Joan Beringer,pwinslow,19.0,C,85.4,-0.47166923080307366,-1.394054227896805,5.996451388699516,1710.8643496008513,205,1.0,-3.441521080761498,STL+3PM,11,False,False,"hashtag,sleeper_stats","fantasypros,hashtag"
240,1887,Mitchell Robinson,schunke2009,28.0,C,85.3,-0.4777028813612955,1.1147438475249587,16.067292351487012,1709.7929261453414,180,1.0,1.222104305521537,FT%+3PM,11,False,False,"hashtag,sleeper_stats","fantasypros,hashtag"
241,2119,Obi Toppin,ek3,28.0,PF|SF,85.2,-0.48853781575539457,0.22595545674625822,13.118940977731874,1694.394160970084,173,0.8,-0.09840634967310313,BLK+STL,11,False,False,"hashtag,sleeper_stats","fantasypros,hashtag"
242,2836,Ronald Holland,kgjikondi,21.0,PF|SF,84.8,-0.5167597593184807,-0.049097868084431284,11.450174462073505,1690.3332202389065,208,1.0,-1.3643158906210386,3PM+AST,11,False,False,"hashtag,sleeper_stats",hashtag
243,4775,Jamir Watkins,FA,25.0,SF|SG,84.5,-0.5431492371398724,-0.21794486864965473,11.735082743251091,,,1.0,-0.7604089319958214,AST+PTS,11,False,False,sleeper_stats,
244,4791,Rasheer Fleming,WoodDaGood,22.0,PF,84.4,-0.5499028868366366,-2.2852908875325335,6.20911371788082,1678.5185321245972,204,1.0,-3.964084770809582,AST+PTS,11,False,False,"hashtag,sleeper_stats","fantasypros,hashtag"
245,2260,Isaiah Jackson,pwinslow,24.0,C,84.3,-0.5580065338222232,-0.4567837780833384,11.661870731528852,1660.6215139688175,149,1.0,-1.0566209846197503,3PM+FT%,11,False,False,"hashtag,sleeper_stats","fantasypros,hashtag"
246,2482,Ousmane Dieng,Jmains715,23.0,SF|SG,84.3,-0.5608847605280135,-1.585854709425669,10.044893212535078,1650.7691154482102,195,1.0,-2.66401523937155,STL+FG%,11,False,False,"hashtag,sleeper_stats","fantasypros,hashtag"
247,2059,Javonte Green,FA,33.0,PF|SF|SG,84.2,-0.5691658309313589,-0.19880322484425123,10.079620573762703,,,1.0,-0.7296997832453318,AST+PTS,11,False,False,sleeper_stats,
248,2582,Taylor Hendricks,RaySo,22.0,C|PF,84.1,-0.5784727847433906,-0.14757117180627777,10.713046245676521,1649.1397166532745,133,1.0,-1.331733792600372,AST+PTS,11,False,False,"hashtag,sleeper_stats","fantasypros,hashtag"
249,1328,DeAndre Jordan,FA,38.0,C,83.8,-0.5976304497601806,-0.5525284832645283,11.074714200133645,,,0.4,-1.3930779714689523,3PM+STL,11,False,False,sleeper_stats,
250,1512,Jerami Grant,JayMakeitHappen,32.0,PF|SF,83.5,-0.6219439677030999,0.7696127781532205,16.67292450193809,1629.936440761396,203,1.0,1.1477923887318815,TO+FG%,11,False,False,"hashtag,sleeper_stats","fantasypros,hashtag"
251,4762,Thomas Sorber,jsomb,20.0,C|PF,83.3,-0.638155056615613,,,1615.8052431579915,156,0.8,,n/a (consensus),11,True,False,,"fantasypros,hashtag"
252,2603,GG Jackson,pwinslow,21.0,PF|SF,82.8,-0.6814022765385404,0.8147363801861061,13.880606965522455,1603.167527237666,210,1.0,-0.2600812005434133,STL+AST,11,False,False,"hashtag,sleeper_stats","fantasypros,hashtag"
253,2825,Isaiah Stevens,FA,25.0,PG,82.7,-0.6868061191908696,-0.4659889340233163,8.667379320220691,,,0.4,-1.2487383985288538,3PM+REB,11,False,False,sleeper_stats,
254,2752,Cam Spencer,Sbilofsky,26.0,PG|SF|SG,82.4,-0.7153016793168673,2.156648412705012,15.194635804030398,1589.659451852969,199,1.0,1.7170651695935848,REB+BLK,11,False,False,"hashtag,sleeper_stats","fantasypros,hashtag"
255,4807,Dylan Cardwell,akatsoulakos,24.0,C|PF,82.2,-0.7310673485692983,1.165295888499949,15.244938494022204,1566.256980054668,217,1.0,1.2397584609270713,3PM+FT%,11,False,False,"hashtag,sleeper_stats",hashtag
256,2302,Neemias Queta,RaySo,27.0,C,82.0,-0.7450807104498991,3.2654418821751783,18.593431082041135,1553.0456000000365,218,1.0,3.19676175172173,3PM+FT%,11,False,False,"hashtag,sleeper_stats","fantasypros,hashtag"
257,4861,Hayden Gray,FA,23.0,PG|SG,82.0,-0.7494559719373429,-0.4392986229830005,7.000000023621695,,,0.4,-1.2977592587659617,REB+3PM,11,False,False,sleeper_stats,
258,4889,Bennett Stirtz,Sbilofsky,22.0,PG|SG,81.9,-0.7568984470375907,-1.7415818606468991,7.900084660362183,1543.4197756246049,140,0.8,-3.52780141383983,REB+BLK,11,False,False,rookies_manual,"hashtag,rookies_manual"
259,4875,Zuby Ejiofor,TheSosa,22.0,C|PF,81.7,-0.768560306916338,,,1539.9456579566458,219,0.8,,n/a (consensus),11,True,False,,hashtag
260,1541,Clint Capela,FA,32.0,C,81.7,-0.7765243724299224,-1.5551658941870292,9.253343777793203,1539.9456579566456,219,1.0,-2.2626597094236924,3PM+PTS,11,False,False,sleeper_stats,fantasypros
261,1487,Tobias Harris,Lsheqi03,34.0,PF,81.5,-0.7881782717085697,1.1770791666650622,16.58071995010855,1525.915908132323,162,1.0,1.874944243393136,balanced,11,False,False,"hashtag,sleeper_stats","fantasypros,hashtag"
262,2335,Jay Huff,WoodDaGood,28.0,C,81.4,-0.7951084724514726,2.595138815937093,14.836217176675857,1521.0709868157362,212,1.0,2.378022445022683,STL+AST,11,False,False,"hashtag,sleeper_stats","fantasypros,hashtag"
263,4915,Ryan Conwell,JayMakeitHappen,22.0,PG|SG,81.3,-0.8036227808317614,-1.4174424577554603,8.400007785172907,1517.130761270696,185,0.8,-2.713935800249628,REB+FG%,11,False,False,rookies_manual,"hashtag,rookies_manual"
264,1265,Jrue Holiday,kgjikondi,36.0,PG|SG,81.2,-0.8115885211224381,1.3739368727749284,19.763333622378532,1495.0491002982433,183,1.0,2.15923343005003,TO+BLK,11,False,False,"hashtag,sleeper_stats","fantasypros,hashtag"
265,2258,Quentin Grimes,akatsoulakos,26.0,SG,81.2,-0.8173662190692982,1.1984739245964529,15.206691103959937,1475.0792472228247,166,1.0,0.6380414570509334,TO,11,False,False,"hashtag,sleeper_stats","fantasypros,hashtag"
266,2632,Oscar Tshiebwe,FA,26.0,C,81.1,-0.8182067011360834,-0.6767497213915614,12.576158722615764,,,0.675,-1.4876485475201515,FT%+3PM,11,False,False,sleeper_stats,
267,4745,Drake Powell,WoodDaGood,20.0,PG|SF|SG,80.8,-0.8422780075119715,-1.843292747369473,7.464627273052891,1445.8647073660925,226,1.0,-3.3737991295460215,REB+FG%,11,False,False,"hashtag,sleeper_stats","fantasypros,hashtag"
268,2265,Charles Bassey,FA,25.0,C,80.5,-0.8712297318754373,-0.6451560965535429,9.700475598370085,,,0.4,-1.5840540579553404,3PM+STL,11,False,False,sleeper_stats,
269,2581,Brice Sensabaugh,Jmains715,22.0,PF|SF|SG,80.5,-0.873140211403272,0.9298836137350963,13.636395892229856,1434.2325411265344,224,1.0,-0.3389415071977397,BLK+REB,11,False,False,"hashtag,sleeper_stats","fantasypros,hashtag"
270,1525,Andrew Wiggins,Sbilofsky,31.0,PF|SF|SG,80.4,-0.8784401033579368,2.5662211166324553,18.96989536496303,1420.1011527312014,172,1.0,3.4218322151021203,balanced,11,False,False,"hashtag,sleeper_stats","fantasypros,hashtag"
271,2764,Jamal Shead,Sbilofsky,24.0,PG|SG,80.2,-0.8920010207091044,-0.6781463739828362,11.79095618573077,1413.3247876310986,223,1.0,-1.420741353506251,FG%+REB,11,False,False,"hashtag,sleeper_stats","fantasypros,hashtag"
272,1082,Draymond Green,Gannon1253,36.0,C|PF,80.2,-0.8948321742664584,0.12258401367058523,16.381573537559298,1405.2662165869947,174,1.0,0.26174222909629186,TO+FG%,11,False,False,"hashtag,sleeper_stats","fantasypros,hashtag"
273,1972,De'Anthony Melton,Jmains715,28.0,PG|SG,80.1,-0.9018979143561692,0.5204892697948457,14.78343094435733,1374.9148573749237,230,1.0,0.2985163337656152,FG%+TO,11,False,False,"hashtag,sleeper_stats","fantasypros,hashtag"
274,2256,Miles McBride,pwinslow,25.0,PG|SG,80.1,-0.9053846373783578,0.9438754068128523,13.737410403345011,1367.9834774977023,163,1.0,0.7285770138119874,FG%+REB,11,False,False,"hashtag,sleeper_stats","fantasypros,hashtag"
275,2720,Yves Missi,Kterr,22.0,C,80.0,-0.9103357750048215,0.6110332489488998,12.807556670185487,1366.8603552868285,144,1.0,-0.47402269160878174,3PM+FT%,11,False,False,"hashtag,sleeper_stats","fantasypros,hashtag"
276,4763,Yang Hansen,schunke2009,21.0,C,79.9,-0.9203941062825829,-3.8463983508992796,3.0584717950478923,1344.7588304978563,235,1.0,-6.199526852228318,STL+PTS,11,False,False,"hashtag,sleeper_stats",hashtag
277,1604,Kelly Oubre,WoodDaGood,30.0,PF|SF,79.8,-0.927711420038427,1.3253247723760866,16.926728615295406,1332.4354495419302,231,1.0,1.8372045081199695,AST,11,False,False,"hashtag,sleeper_stats","fantasypros,hashtag"
278,2710,Ryan Dunn,Kterr,23.0,PF|SF,79.8,-0.9312746115964728,-0.8886333460150339,10.785017630702312,1321.6934165058126,182,1.0,-1.5444765850760662,PTS+FT%,11,False,False,"hashtag,sleeper_stats","fantasypros,hashtag"
279,2233,Naji Marshall,schunke2009,28.0,PF|SF|SG,79.7,-0.9348635658479926,1.0883962439205919,16.82770834677611,1319.3688710762463,233,1.0,0.7571124453830103,BLK+3PM,11,False,False,"hashtag,sleeper_stats","fantasypros,hashtag"
280,4890,Alex Karaban,Gannon1253,23.0,PF|SF,79.6,-0.9401502562842827,,,1299.9575093328208,239,0.8,,n/a (consensus),11,True,False,,hashtag
281,2346,DeJon Jarreau,FA,28.0,SG,79.6,-0.9458671618789806,-0.7145568183749327,13.018304392011698,,,0.4,-1.810272080151159,TO+FG%,11,False,False,sleeper_stats,
282,2360,Dru Smith,FA,28.0,PG|SG,79.4,-0.9612785524452775,-0.3659956429787664,10.774693837162957,1291.5191790682843,224,1.0,-0.7994383213007158,PTS+3PM,11,False,False,"hashtag,sleeper_stats","fantasypros,hashtag"
283,1583,Jusuf Nurkić,Gannon1253,31.0,C,79.1,-0.9853020825152388,1.0650463677273447,22.45283762680877,1291.4822784132962,236,1.0,2.0197466682496232,FT%+TO,11,False,False,"hashtag,sleeper_stats","fantasypros,hashtag"
284,4886,Sergio De Larrea,Jmains715,20.0,PG|SG,79.0,-0.9942948979120732,,,1278.1197131235392,241,0.8,,n/a (consensus),11,True,False,,hashtag
285,2131,Saddiq Bey,ek3,27.0,PF|SF,78.9,-1.0010312505195782,3.133326685130745,19.191676617274283,1276.0102240571275,229,1.0,2.9068273612649387,BLK+FG%,11,False,False,"hashtag,sleeper_stats","fantasypros,hashtag"
286,4736,Noa Essengue,Gannon1253,19.0,PF|SF,78.7,-1.0163056399247492,-3.010733995094037,1.0,1274.8219060371684,175,0.8,-6.737546564619261,REB+PTS,11,False,False,"hashtag,sleeper_stats","fantasypros,hashtag"
287,4905,Henri Veesaar,RaySo,22.0,C,78.6,-1.027776842721006,,,1235.53850788705,245,0.8,,n/a (consensus),11,True,False,,hashtag
288,4742,Nolan Traore,ek3,20.0,PG,78.4,-1.0405184779293564,-1.362876673917359,10.704127243302958,1233.338218478146,194,1.0,-2.974012025807275,FG%+TO,11,False,False,"hashtag,sleeper_stats","fantasypros,hashtag"
289,4913,Baba Miller,WoodDaGood,22.0,PF|SF,78.3,-1.0508716108054625,,,1225.116738657803,246,0.8,,n/a (consensus),11,True,False,,hashtag
290,4902,Richie Saunders,Kterr,24.0,PG|SG,78.2,-1.0565433711602503,,,1214.782877068159,247,0.8,,n/a (consensus),11,True,False,,hashtag
291,1746,Skal Labissière,FA,30.0,C|PF,78.0,-1.076151636885033,-0.8456358813554393,8.000378714262812,,,0.4,-2.0596203576747043,PTS+3PM,11,False,False,sleeper_stats,
292,4906,Jaron Pierre,Gannon1253,24.0,PG|SG,77.6,-1.1094624172125966,,,1204.5361816170425,248,0.8,,n/a (consensus),11,True,False,,hashtag
293,2867,Elijah Harkless,FA,26.0,PG|SF|SG,77.6,-1.1102225408926056,-0.95315339052213,10.596613415543816,,,0.65,-2.0185864379865555,FG%+REB,11,False,False,sleeper_stats,
294,4899,Tyler Bilodeau,RaySo,22.0,PF|SF,77.4,-1.1243855511890364,,,1194.3759170579397,249,0.8,,n/a (consensus),11,True,False,,hashtag
295,1128,Bradley Beal,kgjikondi,33.0,SF|SG,77.3,-1.1342869689787844,-2.115887982770437,6.692308679453269,1184.871919417331,165,0.8,-5.07462329373427,FG%+REB,11,False,False,"hashtag,sleeper_stats","fantasypros,hashtag"
296,1797,Thomas Bryant,FA,28.0,C,77.2,-1.1421234740176882,-1.37698835898535,8.44330880704047,1184.3013543461425,250,1.0,-2.300921083539493,STL+AST,11,False,False,sleeper_stats,fantasypros
297,1621,D'Angelo Russell,JayMakeitHappen,30.0,PG|SG,76.7,-1.1783260526015067,-1.730124894659294,11.32668770636545,1173.9111617685887,171,0.8,-3.0597617050175723,FG%+BLK,11,False,False,"hashtag,sleeper_stats","fantasypros,hashtag"
298,2278,Cam Thomas,TheSosa,24.0,PG|SG,76.1,-1.22896183519608,-1.9601551642855168,10.46669729364231,1173.4352930224084,109,1.0,-3.5631419555101087,STL+FG%,11,False,False,"hashtag,sleeper_stats","fantasypros,hashtag"
299,4743,Danny Wolf,akatsoulakos,22.0,C|PF|SF,75.9,-1.246390251377495,0.21346255639717887,13.099374405645012,1165.8817096458329,251,1.0,-0.9812540458930307,FG%+STL,11,False,False,"hashtag,sleeper_stats","fantasypros,hashtag"
300,2729,Devin Carter,WoodDaGood,24.0,PG|SG,75.9,-1.2494900106918978,-1.1542917069346654,11.650100949792993,1163.6060172754746,188,0.95,-2.235608773355188,FG%+FT%,11,False,False,"hashtag,sleeper_stats","fantasypros,hashtag"
301,2845,Jaylin Williams,FA,25.0,PF|SF,75.7,-1.264540243455141,0.7237438441262605,13.483329793655063,1157.131621555964,244,0.8,0.3617989523910358,STL+PTS,11,False,False,hashtag,"fantasypros,hashtag"
302,2578,Gradey Dick,pwinslow,22.0,SF|SG,75.4,-1.2874476424305676,-2.151872128838931,6.758462132841393,1156.0273411928072,170,1.0,-3.5156873218159577,AST+REB,11,False,False,"hashtag,sleeper_stats","fantasypros,hashtag"
303,2871,Josh Oduro,FA,25.0,PF|SF,75.1,-1.3150714875739915,-0.9887974740246893,12.629099909287259,,,0.4,-2.391039068316348,FT%+STL,11,False,False,sleeper_stats,
304,2725,Cody Williams,Jmains715,21.0,SF|SG,75.0,-1.3183020001542107,-0.8903808632065798,10.860546203772339,1109.3871593686888,253,1.0,-2.0965302003430977,3PM+FT%,11,False,False,"hashtag,sleeper_stats","fantasypros,hashtag"
305,2192,Anthony Gill,TheSosa,33.0,C|PF,74.9,-1.3280121986627735,-1.2637738815234472,8.436719904600366,,,1.0,-2.166919671477719,3PM+PTS,11,False,False,sleeper_stats,
306,2010,Goga Bitadze,schunke2009,27.0,C,74.8,-1.3373414925230862,0.1984417218633175,11.723090590048606,1084.9598723531735,200,1.0,-0.2560620868591501,3PM+PTS,11,False,False,"hashtag,sleeper_stats","fantasypros,hashtag"
307,2065,Keldon Johnson,TheSosa,26.0,PF|SF,74.8,-1.3395025198517894,0.89679820453299,14.54218031468411,1078.1417909357758,256,1.0,0.3180404689541956,BLK+AST,11,False,False,"hashtag,sleeper_stats","fantasypros,hashtag"
308,2324,Justin Champagnie,Kterr,25.0,PF,74.4,-1.3659902719195116,1.0325766603371294,13.872462700298723,1072.2227533983182,255,1.0,0.6941613877820983,AST+3PM,11,False,False,"hashtag,sleeper_stats","fantasypros,hashtag"
309,2494,Julian Champagnie,TheSosa,25.0,PF|SF|SG,74.2,-1.3816431912954674,2.3248286533974563,15.78194421101195,1055.0463461982952,261,1.0,1.8896668943138502,AST+FG%,11,False,False,"hashtag,sleeper_stats","fantasypros,hashtag"
310,2521,Quenton Jackson,FA,27.0,PG|SG,74.1,-1.390403962510691,-0.9959847970274402,10.429238722829844,,,1.0,-1.986291375015273,BLK+REB,11,False,False,sleeper_stats,
311,1771,Chris Boucher,FA,33.0,C|PF,74.1,-1.3904145419509457,-1.5122732822696263,6.166669288804549,,,0.4,-3.2410595383471925,PTS+AST,11,False,False,sleeper_stats,
312,4921,Emanuel Sharp,jsomb,22.0,PG|SG,74.1,-1.3934331994157398,,,1051.862225471654,264,0.8,,n/a (consensus),11,True,False,,hashtag
313,2352,Ethan Thompson,FA,27.0,PG|SG,74.1,-1.3955979031324917,-1.2898080442076905,9.046896632066423,,,0.8,-2.5374507329681664,FG%+REB,11,False,False,sleeper_stats,
314,4878,Tarris Reed,ek3,22.0,C,73.9,-1.4119677893225582,,,1042.9897659692988,265,0.8,,n/a (consensus),11,True,False,,hashtag
315,2781,Branden Carlson,FA,27.0,C,73.2,-1.4674516829193496,-1.3393550760853163,8.179021522251011,,,1.0,-2.4457528048655828,STL+AST,11,False,False,sleeper_stats,
316,4900,Isaiah Evans,jsomb,20.0,PG|SG,73.1,-1.4774967071311194,,,1034.1921456765995,266,0.8,,n/a (consensus),11,True,False,,hashtag
317,4824,Keshon Gilbert,FA,23.0,PG|SG,73.1,-1.4789097081457847,-1.0369814172135734,7.875371316762884,,,0.4,-2.560882611507852,3PM+REB,11,False,False,sleeper_stats,
318,1759,Luke Kornet,Gannon1253,31.0,C,72.9,-1.4884437612479724,0.843499555389869,13.807675944791677,1030.4438929891421,256,1.0,1.1973854782427837,3PM+STL,11,False,False,"hashtag,sleeper_stats","fantasypros,hashtag"
319,2497,Simone Fontecchio,FA,30.0,C|PF,72.9,-1.4934873386887588,-0.7840725945229027,10.215170153168863,,,1.0,-1.5720919354618514,BLK+FG%,11,False,False,sleeper_stats,
320,2402,Olivier Sarr,FA,27.0,C,72.8,-1.5028901951124851,-1.1958356459202473,8.000138164109824,,,0.4,-2.7325276274772454,FT%+PTS,11,False,False,sleeper_stats,
321,2746,Enrique Freeman,FA,25.0,PF,72.7,-1.5053865430561129,-1.1799929568680187,6.875049126595151,,,0.4,-2.737066441920205,PTS+AST,11,False,False,sleeper_stats,
322,4779,Rocco Zikarsky,Sbilofsky,20.0,C,72.6,-1.5194147939776843,-1.1087976783283309,6.400136686593047,,,0.4,-2.6310212882730464,STL+3PM,11,False,False,sleeper_stats,
323,2090,Ty Jerome,Kterr,29.0,PG|SG,72.6,-1.5198207379982573,2.8253303791882844,20.853102567632945,1027.6621105419524,214,0.8,4.58860989109593,TO+REB,11,False,False,"hashtag,sleeper_stats","fantasypros,hashtag"
324,2495,Tyson Etienne,FA,26.0,PG|SG,72.3,-1.540582163275278,-1.339121756815765,7.875000735724239,,,0.6,-2.8010584786823234,REB+BLK,11,False,False,sleeper_stats,
325,4787,Kobe Sanders,akatsoulakos,24.0,PF|SF|SG,72.2,-1.55020351157913,-1.6875800419494902,8.582184777040275,1025.4687333247061,267,1.0,-2.616188881441286,BLK+REB,11,False,False,"hashtag,sleeper_stats",hashtag
326,2465,Josh Minott,pwinslow,23.0,C|PF|SF,72.0,-1.5624891076372318,-0.22701277278996218,10.384934764436085,1022.5986871838461,254,1.0,-0.8193857163098497,AST+PTS,11,False,False,"hashtag,sleeper_stats","fantasypros,hashtag"
327,1632,Terry Rozier,FA,32.0,PG,71.9,-1.5702706399542758,,,1008.2420339467948,269,0.7,,n/a (consensus),11,True,False,,fantasypros
328,4922,Trevon Brazile,JayMakeitHappen,23.0,PF|SF,71.8,-1.5798571727295518,,,1008.2420339467947,269,0.8,,n/a (consensus),11,True,False,,hashtag
329,2050,De'Andre Hunter,TheSosa,28.0,PF|SF,71.7,-1.5872999198930868,-0.20139920502026504,13.720137918168001,1004.9051872420255,181,1.0,-0.8448435229053124,FG%+BLK,11,False,False,"hashtag,sleeper_stats","fantasypros,hashtag"
330,4924,Izaiyah Nelson,FA,22.0,PF|SF,71.3,-1.6234834131601834,,,999.7375108275677,270,0.8,,n/a (consensus),11,True,False,,hashtag
331,4854,Payton Sandfort,FA,24.0,PF|SF|SG,71.0,-1.645967220232464,-1.265020117366943,8.000148964551691,,,0.4,-2.9926676731499344,STL+AST,11,False,False,sleeper_stats,
332,1799,Kyle Kuzma,JayMakeitHappen,31.0,PF|SF,70.9,-1.652083152690248,-0.16990626723605645,14.790744851049563,991.1577102458874,184,1.0,-0.3517810344588991,FT%+TO,11,False,False,"hashtag,sleeper_stats","fantasypros,hashtag"
333,4782,Jahmai Mashack,FA,23.0,PG|SF|SG,70.9,-1.6580912202183105,-1.5657778075034927,9.951790951385242,,,0.775,-2.871153628083654,FT%+FG%,11,False,False,sleeper_stats,
334,1925,Jevon Carter,jsomb,30.0,PG|SG,70.8,-1.662327390518325,-1.327772524414143,8.46226506595658,,,1.0,-2.311080781256857,REB+FG%,11,False,False,sleeper_stats,
335,2768,Pelle Larsson,schunke2009,25.0,SF|SG,70.8,-1.665021346355183,0.12822256406861615,13.448380809405094,989.88092677349,260,1.0,-0.5335534267315647,BLK+3PM,11,False,False,"hashtag,sleeper_stats","fantasypros,hashtag"
336,2283,Sharife Cooper,FA,25.0,PG,70.7,-1.6725096667239565,-1.5377217206862368,9.074043282599392,,,1.0,-2.855504309040901,STL+REB,11,False,False,sleeper_stats,
337,2471,E.J. Liddell,FA,25.0,C|PF,70.5,-1.691085085547651,-1.5683888140935223,7.404006046476743,,,0.65,-3.074700155541183,STL+AST,11,False,False,sleeper_stats,
338,1016,Taj Gibson,FA,41.0,C,70.3,-1.7012418293094145,-1.8669764712142178,5.650112579099945,,,0.4,-3.965598669718915,STL+PTS,11,False,False,sleeper_stats,
339,4904,Bruce Thornton,kgjikondi,22.0,PG|SG,70.3,-1.704202896648158,,,982.9430664957434,272,0.8,,n/a (consensus),11,True,False,,hashtag
340,1982,Gary Trent,Lsheqi03,27.0,SF|SG,70.0,-1.727189203590461,-2.0492778224282087,7.672527642818451,982.7972934235603,185,1.0,-3.1358551944576534,REB+FG%,11,False,False,"hashtag,sleeper_stats","fantasypros,hashtag"
341,2021,Garrison Mathews,FA,29.0,SF,69.8,-1.7433147021465922,-1.5863171999032812,5.966666677706589,,,0.4,-3.336487468223143,REB+STL,11,False,False,sleeper_stats,
342,4776,Chaz Lanier,FA,24.0,PG|SG,69.8,-1.747177707254262,-3.3367760914840474,2.9558823535383483,974.6519402061826,273,0.85,-5.588804646497,STL+REB,11,False,False,sleeper_stats,fantasypros
343,2095,Luguentz Dort,Kterr,27.0,SF|SG,69.5,-1.7688147550898063,-0.14006534824817984,11.637793527049004,971.9488606958131,187,1.0,-0.7414608450314414,FG%+AST,11,False,False,"hashtag,sleeper_stats","fantasypros,hashtag"
344,4741,Liam McNeeley,Gannon1253,20.0,SF|SG,69.2,-1.7955815962652568,-2.3401415007025714,5.741968115779387,966.4307495797261,274,0.775,-4.191237636041944,STL+PTS,11,False,False,sleeper_stats,fantasypros
345,4794,Noah Penda,ek3,21.0,PF|SF,69.0,-1.8099362144437232,-2.3423214613313585,7.449691918082702,958.2789047089476,275,1.0,-3.4831118533083565,PTS+3PM,11,False,False,sleeper_stats,fantasypros
346,4859,Toby Okani,FA,24.0,PF|SF,68.9,-1.8213434797518997,-1.4939226811829442,12.086966421875585,,,0.4,-3.311533599548908,FT%+FG%,11,False,False,sleeper_stats,
347,4838,LJ Cryer,akatsoulakos,24.0,PG,68.8,-1.8229352083389556,-1.5489372357000453,7.250000385266427,,,0.45,-3.3144276515253734,STL+REB,11,False,False,sleeper_stats,
348,2416,Scotty Pippen,WoodDaGood,25.0,PG,68.7,-1.8367391842899754,0.31875588009011946,15.02769797573799,946.5809629122624,195,0.8,0.16668454353295756,TO+REB,11,False,False,"hashtag,sleeper_stats","fantasypros,hashtag"
349,2608,Jordan Walsh,schunke2009,22.0,SF|SG,68.5,-1.8504323971349996,-0.14398643889540613,9.716418106143768,942.1809174420963,277,1.0,-1.3388961024026504,AST+PTS,11,False,False,"hashtag,sleeper_stats",hashtag
350,2763,Jonathan Mogbo,FA,24.0,C|PF,68.2,-1.8749895596765005,-3.185248118851118,3.6875001927124678,942.1809174420962,277,1.0,-5.098718193445198,PTS+3PM,11,False,False,sleeper_stats,fantasypros
351,4853,Grant Nelson,FA,24.0,SG,67.9,-1.8986231646593248,-1.5085760576772067,6.875000054982213,,,0.4,-3.4520421175624083,STL+3PM,11,False,False,sleeper_stats,
352,2412,Ron Harper,RaySo,26.0,SF|SG,67.8,-1.907596632618811,-1.8686354571498576,6.051724401584082,,,0.725,-3.4683575138523834,STL+REB,11,False,False,sleeper_stats,
353,2296,Sandro Mamukelashvili,TheSosa,27.0,C|PF,67.7,-1.9156373451408015,1.7139231381762745,14.939482658372556,938.3939640361001,263,1.0,1.2835269178438296,balanced,11,False,False,"hashtag,sleeper_stats","fantasypros,hashtag"
354,2431,Jamaree Bouyea,FA,27.0,PF,67.7,-1.9159641292591143,-1.724194890092983,7.978263195663003,,,1.0,-2.915597588003,REB+3PM,11,False,False,sleeper_stats,
355,2657,Pete Nance,FA,26.0,C|PF|SF,67.6,-1.9249319102685503,-1.684339454289284,7.553346522122654,,,1.0,-2.8669198663574154,STL+PTS,11,False,False,sleeper_stats,
356,2334,Mac McClung,FA,27.0,PG|SG,67.5,-1.9315101461043607,-1.6612619587590511,6.909090934842537,,,0.4,-3.5118366292806553,REB+AST,11,False,False,sleeper_stats,
357,2165,Cole Anthony,FA,26.0,PG,67.5,-1.9332945341967613,-1.9427264246195568,9.53805648858236,936.5683677224793,190,0.875,-3.5111562881230975,3PM+REB,11,False,False,"hashtag,sleeper_stats","fantasypros,hashtag"
358,1946,Kenrich Williams,FA,31.0,C|PF,67.1,-1.9622113219014334,-1.7358583531764762,8.956818497645239,,,1.0,-2.7872319913372627,BLK+PTS,11,False,False,sleeper_stats,
359,1871,Bogdan Bogdanović,JayMakeitHappen,33.0,PG|SF|SG,67.1,-1.966690948167986,-1.4143865940576448,9.17410223984768,934.2336199429883,278,0.7,-2.933918020022292,FG%+STL,11,False,False,sleeper_stats,fantasypros
360,2041,Brandon Clarke,FA,29.0,C|PF,66.9,-1.9828470730617365,-2.104095431499221,7.50034965653105,926.3533579106049,279,0.7,-4.555192929710341,FT%+3PM,11,False,False,sleeper_stats,fantasypros
361,2444,Jake LaRavia,Jmains715,24.0,SF|SG,66.8,-1.9905473135463732,0.48947997361821316,12.83489113433293,922.9475597652894,236,1.0,0.008998471840136815,PTS+AST,11,False,False,"hashtag,sleeper_stats","fantasypros,hashtag"
362,2543,Nate Williams,FA,27.0,PG|SF|SG,66.5,-2.0157022492334304,-1.725896496433494,7.25002234469299,,,0.4,-3.6649131804244184,STL+BLK,11,False,False,sleeper_stats,
363,2610,Jordan Miller,jsomb,26.0,PG|SF|SG,66.4,-2.026845892409148,-0.5118346662426839,11.46543133168079,918.5395659006796,280,1.0,-1.2405801549127915,3PM+BLK,11,False,False,"hashtag,sleeper_stats",hashtag
364,2339,A.J. Lawson,FA,26.0,PG|SF|SG,66.2,-2.038022240649093,-1.9631729537213525,5.666667561409183,,,0.6,-3.7054949829983506,AST+PTS,11,False,False,sleeper_stats,
365,2436,Patrick Baldwin,FA,23.0,PF|SF,66.2,-2.041883333471857,-1.6336276847656346,6.500068923792648,,,0.4,-3.5357287159685833,STL+PTS,11,False,False,sleeper_stats,
366,1175,Mason Plumlee,FA,36.0,C,66.2,-2.042221325774663,-2.539547518963063,4.825055945797944,,,0.5,-4.760422670803409,PTS+3PM,11,False,False,sleeper_stats,
367,2451,Jeremy Sochan,phw23,23.0,C|PF|SF,66.0,-2.0522543590268825,-2.4979505468076657,5.917893748384248,915.5096587280656,151,1.0,-4.018012507744252,PTS+3PM,11,False,False,"hashtag,sleeper_stats","fantasypros,hashtag"
368,2855,Malevy Leons,FA,26.0,C|PF,66.0,-2.0566706958203604,-2.0120804851089384,6.100007320845604,,,0.625,-3.7394012651279276,3PM+PTS,11,False,False,sleeper_stats,
369,2859,Yuki Kawamura,FA,25.0,PG,65.9,-2.063982061754955,-1.856607588895639,6.6945268536631755,,,0.45,-3.752694657736282,PTS+BLK,11,False,False,sleeper_stats,
370,2397,Brandon Williams,Kterr,26.0,PG,65.7,-2.0770944528494297,-0.08074900126220091,14.130232408391581,910.7916832384706,281,1.0,-0.7881318613882107,3PM+TO,11,False,False,"hashtag,sleeper_stats",hashtag
371,2749,Adem Bona,phw23,23.0,C,65.5,-2.0948714871793297,-0.9826824098129843,9.59627292939373,899.7769937447391,211,1.0,-1.6638846713313686,3PM+AST,11,False,False,"hashtag,sleeper_stats","fantasypros,hashtag"
372,2611,Andre Jackson,FA,24.0,SF|SG,65.4,-2.104020794142772,-3.7366275559338082,4.041666696735572,895.4914268648,283,1.0,-5.612054618429697,PTS+REB,11,False,False,sleeper_stats,fantasypros
373,4771,Taelon Peter,FA,24.0,PG|SF|SG,65.2,-2.117765158495115,-2.2762078465284934,6.263157994130219,,,0.95,-3.8504821063547547,REB+PTS,11,False,False,sleeper_stats,
374,2717,Rob Dillingham,TheSosa,21.0,PG|SG,65.0,-2.1375574338853216,-2.5969807103502283,7.790139644601887,893.9376113363148,177,1.0,-4.139651599696353,REB+FG%,11,False,False,"hashtag,sleeper_stats","fantasypros,hashtag"
375,1777,Luke Kennard,akatsoulakos,30.0,PG|SF|SG,64.7,-2.1580538059518797,-0.5926486643886385,10.288556442613801,890.9415226671723,278,1.0,-0.7537493355309425,BLK+REB,11,False,False,"hashtag,sleeper_stats","fantasypros,hashtag"
376,4813,Myron Gardner,FA,25.0,PF|SF,64.7,-2.162040681419375,-2.0470784948903766,6.655679583864298,,,1.0,-3.363174393319027,PTS+STL,11,False,False,sleeper_stats,
377,4770,Kam Jones,akatsoulakos,24.0,PG|SF|SG,64.7,-2.1654810803421483,-2.271698347251466,7.325016064343409,,,0.925,-3.9372383278948146,BLK+REB,11,False,False,sleeper_stats,
378,2537,Jamal Cain,FA,27.0,SF|SG,64.6,-2.173447419806123,-2.2386800364898702,5.987503943087828,,,1.0,-3.8035329846607158,STL+AST,11,False,False,sleeper_stats,
379,1547,Dwight Powell,FA,34.0,C,64.5,-2.1808757705451876,-2.130206265652832,7.939470362801119,,,1.0,-3.1066606418022613,3PM+PTS,11,False,False,sleeper_stats,
380,4786,Alijah Martin,FA,24.0,PG|SF|SG,64.4,-2.1831529972994335,-3.0186146050352805,3.3260869570392986,887.9379552910855,284,0.7,-5.498246777276908,REB+PTS,11,False,False,sleeper_stats,fantasypros
381,4916,Malique Lewis,FA,21.0,PF|SF,64.2,-2.2010446045556757,,,887.9379552910855,284,0.8,,n/a (consensus),11,True,False,,hashtag
382,2487,Luke Travers,FA,24.0,PF|SF,64.0,-2.2172608213741665,-1.9593428388220275,5.541669288804548,,,0.4,-4.031383311589393,PTS+3PM,11,False,False,sleeper_stats,
383,2767,Keshad Johnson,FA,25.0,PF|SF,63.9,-2.224980909105574,-2.3156003281159565,5.546877793887005,,,0.8,-4.045419834737407,AST+PTS,11,False,False,sleeper_stats,
384,1559,Joe Ingles,FA,38.0,PF|SF,63.9,-2.2287647543689997,-2.858828398475873,3.148148149133363,,,0.675,-5.195255837689976,REB+PTS,11,False,False,sleeper_stats,
385,4898,Felix Okpara,Kterr,22.0,C|PF,63.8,-2.2328152594831323,,,880.4481972618044,285,0.8,,n/a (consensus),11,True,False,,hashtag
386,4774,Johni Broome,FA,24.0,C,63.7,-2.2443359498840354,-3.294526196697816,2.9090909201543895,880.4481972618042,285,0.7,-6.619397082589831,PTS+3PM,11,False,False,sleeper_stats,fantasypros
387,2616,Colby Jones,FA,24.0,PF|SF|SG,63.6,-2.250519968687701,-1.769273320435738,7.001819800236462,,,0.4,-4.091854488523092,STL+3PM,11,False,False,sleeper_stats,
388,4917,Tobi Lawal,Sbilofsky,23.0,PF|SF,63.4,-2.268145373214883,,,873.0216153531097,286,0.8,,n/a (consensus),11,True,False,,hashtag
389,4781,Adou Thiero,FA,22.0,PF|SF,63.1,-2.2909905586193937,-3.314264837762413,2.840000000418285,873.0216153531096,286,0.7,-5.8881513870991276,PTS+3PM,11,False,False,sleeper_stats,fantasypros
390,2840,Tristan Enaruna,FA,25.0,PF|SF,63.0,-2.2973804023905235,-1.979732948251005,5.33333342553909,,,0.4,-4.177055277073679,REB+BLK,11,False,False,sleeper_stats,
391,4778,Sion James,phw23,23.0,SF|SG,62.9,-2.3052524798824163,-1.4126078267407105,9.564403850119737,872.180928467633,253,1.0,-2.152623463317304,PTS+FG%,11,False,False,"hashtag,sleeper_stats","fantasypros,hashtag"
392,1254,Dennis Schröder,Lsheqi03,32.0,PG|SG,62.9,-2.310448698313826,-0.6814633527953006,13.73328900168116,871.1889641857905,202,1.0,-0.9090128217541862,FG%+BLK,11,False,False,"hashtag,sleeper_stats","fantasypros,hashtag"
393,2784,Zyon Pullin,FA,25.0,PG,62.9,-2.311919766113752,-1.866392438430253,4.600001052720119,,,0.4,-4.2034904838431855,STL+REB,11,False,False,sleeper_stats,
394,4918,Vsevolod Ishchenko,FA,21.0,PG|SG,62.8,-2.3154365571008606,,,865.657676674327,287,0.8,,n/a (consensus),11,True,False,,hashtag
395,2748,Justin Edwards,Sbilofsky,22.0,PF|SF,62.6,-2.3347725728017164,-1.5413027834284605,7.726562574683612,,,1.0,-2.4320547633351213,REB+PTS,11,False,False,sleeper_stats,
396,2619,Jalen Pickett,FA,26.0,PG|SG,62.6,-2.3357407005400153,-1.9762920755860636,7.710058656327611,,,1.0,-3.270036980756021,STL+PTS,11,False,False,sleeper_stats,
397,2262,Moses Moody,ek3,24.0,PF|SF|SG,62.6,-2.3376791847887746,1.5009338979896087,14.406570969576286,864.9721846568013,226,1.0,1.2670092114079377,FG%+AST,11,False,False,"hashtag,sleeper_stats","fantasypros,hashtag"
398,2734,Nikola Topić,WoodDaGood,20.0,PG,62.3,-2.357311364093589,-2.2859583422355785,7.707278190068023,864.4401285450476,164,0.8,-5.168482063599186,TO+BLK,11,False,False,"hashtag,sleeper_stats","fantasypros,hashtag"
399,2863,Tolu Smith,FA,26.0,C,61.9,-2.389270781063161,-2.1743419578397343,6.600671297093137,,,0.4,-4.34412869284211,STL+3PM,11,False,False,sleeper_stats,
400,4932,Michael Ajayi,FA,23.0,PF|SF,61.9,-2.391885074409925,,,858.3558528297148,288,0.8,,n/a (consensus),11,True,False,,hashtag
401,2818,David Jones Garcia,FA,24.0,PF|SF,61.8,-2.39961755634625,-2.113544632742235,5.227272882276085,,,0.4,-4.362941011538636,REB+PTS,11,False,False,sleeper_stats,
402,4818,Moussa Cisse,pwinslow,23.0,C,61.7,-2.4101328168055507,-1.3033754150298973,10.766700926831604,843.9364583075355,290,0.95,-2.2828782988255103,FT%+3PM,11,False,False,"hashtag,sleeper_stats",hashtag
403,1282,Kelly Olynyk,FA,35.0,C|PF,61.4,-2.4302744426249197,-2.9451867605288267,4.988096036012821,836.8178529735176,291,1.0,-4.719666706561288,PTS+STL,11,False,False,sleeper_stats,fantasypros
404,4808,Ryan Nembhard,pwinslow,23.0,PG|SG,61.2,-2.4462565966718297,-1.4529642945596977,10.657131123402776,829.7592930865267,292,1.0,-2.5261875482770058,BLK+STL,11,False,False,"hashtag,sleeper_stats",hashtag
405,2589,Julian Strawther,ek3,24.0,PF|SF|SG,61.0,-2.4614059089379468,-1.9068202963835164,7.624820048022921,827.4580558436128,206,1.0,-3.047598114026865,STL+REB,11,False,False,"hashtag,sleeper_stats","fantasypros,hashtag"
406,1285,Jeff Green,FA,39.0,C|PF,60.8,-2.47829870798895,-3.3247639592324862,2.550000000526132,,,0.75,-5.776920065242307,STL+REB,11,False,False,sleeper_stats,
407,1591,Thanasis Antetokounmpo,FA,33.0,C|PF,60.7,-2.4906178902913862,-3.2459919503495596,2.8382352943289595,,,0.85,-5.805636107905329,PTS+REB,11,False,False,sleeper_stats,
408,4790,Koby Brea,FA,23.0,PG|SG,60.6,-2.500404027031377,-2.3871001011873045,3.750000002548281,822.760272163124,293,0.7,-4.933432222881919,STL+REB,11,False,False,sleeper_stats,fantasypros
409,1842,Tony Bradley,FA,28.0,C,60.5,-2.503413990470062,-2.7641824109232718,5.561178308194691,,,1.0,-4.499075207520009,STL+3PM,11,False,False,sleeper_stats,
410,2433,Dalen Terry,Sbilofsky,24.0,SF|SG,60.4,-2.513681681523944,-2.323988933218708,6.541667457330328,,,1.0,-3.6657857855557516,PTS+REB,11,False,False,sleeper_stats,
411,2807,Riley Minix,FA,25.0,SF,60.3,-2.5213032609297077,-2.1629821651202836,3.722222225157392,,,0.4,-4.584187747144923,REB+STL,11,False,False,sleeper_stats,
412,1801,Alex Caruso,Gannon1253,32.0,PF|SF,60.2,-2.532823222978775,-0.8683212665396047,10.67197752431727,821.7770921265544,196,1.0,-0.9179949780348159,PTS+REB,11,False,False,"hashtag,sleeper_stats","fantasypros,hashtag"
413,4757,Walter Clayton,Gannon1253,23.0,PG,60.1,-2.5418387571353023,-1.15895848534854,10.597574526423916,815.8202879920594,294,1.0,-2.0858315004367904,FG%+REB,11,False,False,"hashtag,sleeper_stats",hashtag
414,2257,Jericho Sims,phw23,27.0,C|PF,60.0,-2.5445812938765315,-1.7659845336109379,9.544175559146204,,,1.0,-2.6585177697217492,3PM+STL,11,False,False,sleeper_stats,
415,1987,Jarred Vanderbilt,Kterr,27.0,C|PF,59.8,-2.5599213785578034,-1.5102628356740466,9.645345137093896,815.8202879920593,294,1.0,-2.3078192332708154,PTS+3PM,11,False,False,sleeper_stats,fantasypros
416,4811,Curtis Jones,FA,24.0,PG|SF|SG,59.8,-2.5607808819591704,-2.2387830840484093,4.4500000011139935,,,0.4,-4.655965239925764,REB+PTS,11,False,False,sleeper_stats,
417,1873,Monté Morris,FA,31.0,PG,59.3,-2.6041674351738378,-2.5076934050080215,4.666666703194695,,,0.4,-5.380511229698011,STL+REB,11,False,False,sleeper_stats,
418,1378,Khris Middleton,phw23,34.0,PF|SF,59.1,-2.61766631864779,-1.243477851460355,12.010737017793737,802.5675751748269,191,1.0,-1.7272999804680231,BLK+FG%,11,False,False,"hashtag,sleeper_stats","fantasypros,hashtag"
419,1322,Kyle Lowry,FA,40.0,PG,59.1,-2.618424788621029,-3.1029293519690153,2.464285714461707,,,0.4,-6.103554285829905,STL+REB,11,False,False,sleeper_stats,
420,2292,Brandon Boston,FA,24.0,SF|SG,59.0,-2.6289836817467753,,,802.1154422069756,296,0.7,,n/a (consensus),11,True,False,,fantasypros
421,2466,Vince Williams,jsomb,25.0,PG|SG,58.8,-2.644236651449943,-0.49827997178400335,12.969325885417522,798.0946285922464,186,1.0,-1.3395269721682868,FG%+TO,11,False,False,"hashtag,sleeper_stats","fantasypros,hashtag"
422,2270,Isaiah Livers,FA,27.0,PF|SF,58.8,-2.645990789896947,-2.896174960390548,4.18055575441181,,,0.9,-4.810892345267176,PTS+STL,11,False,False,sleeper_stats,
423,1319,Jonas Valančiūnas,FA,34.0,C,58.6,-2.6621401334444865,-0.9087354556165506,11.159724596826587,795.3495972085929,297,1.0,-1.7130097632625254,STL+3PM,11,False,False,sleeper_stats,fantasypros
424,4820,Norchad Omier,FA,24.0,PF|SF,58.5,-2.669033495702608,-1.7063632696222788,3.2500000011855015,,,0.4,-4.852788174004742,STL+3PM,11,False,False,sleeper_stats,
425,2730,DaRon Holmes,FA,23.0,C,58.3,-2.682596706203014,-2.5576055198304193,4.223404269409693,791.517108329912,192,0.8,-4.730362724263721,STL+REB,11,False,False,"hashtag,sleeper_stats","fantasypros,hashtag"
426,2854,Emanuel Miller,FA,26.0,PF|SF|SG,58.3,-2.6829734100070546,-2.2559948858643266,3.900000001177107,,,0.4,-4.878133472740099,REB+PTS,11,False,False,sleeper_stats,
427,2579,Kobe Brown,FA,26.0,PF|SF,58.2,-2.6966893805320926,-2.005329861662898,7.9431967435890884,,,1.0,-3.094561584217155,STL+PTS,11,False,False,sleeper_stats,
428,4812,Chris Mañon,FA,24.0,SF|SG,58.1,-2.6998980237486183,-2.207954626153766,3.277777777920696,,,0.4,-4.90890549772476,PTS+3PM,11,False,False,sleeper_stats,
429,2414,Orlando Robinson,FA,26.0,C,58.0,-2.7121405510913856,-2.253445398634541,3.2500000003171303,,,0.4,-4.9311646383479735,PTS+STL,11,False,False,sleeper_stats,
430,4788,John Tonje,FA,25.0,PG|SG,57.9,-2.7138991641638897,-2.2903669889633247,3.500000000701232,,,0.4,-4.934362116661617,REB+PTS,11,False,False,sleeper_stats,
431,2322,Jose Alvarado,Gannon1253,28.0,PG|SG,57.9,-2.7142240456330033,-0.47201619779362275,11.398979045380305,786.3101888227075,189,1.0,-1.0460614206507983,BLK+REB,11,False,False,"hashtag,sleeper_stats","fantasypros,hashtag"
432,4809,CJ Huntley,FA,24.0,PF|SF|SG,57.9,-2.719179114076992,-2.2604125516387974,3.7500000021366824,,,0.4,-4.94396202559453,STL+3PM,11,False,False,sleeper_stats,
433,4797,Miles Kelly,FA,23.0,SF|SG,57.9,-2.7203664564077585,-2.3378143643299216,4.750000340678666,,,0.4,-4.71059126650694,STL+PTS,11,False,False,sleeper_stats,
434,2446,TyTy Washington,FA,24.0,PG|SG,57.7,-2.7306723406189395,-2.441653962269669,3.1250000002089333,,,0.4,-4.964858801125344,REB+PTS,11,False,False,sleeper_stats,
435,2299,Aaron Wiggins,Kterr,27.0,PF|SF|SG,57.7,-2.7334072426793696,-0.44163330440438,11.646275435140362,771.830467039175,291,1.0,-1.1243855511890364,FG%+REB,11,False,False,"hashtag,sleeper_stats","fantasypros,hashtag"
436,4855,Jayson Kent,FA,24.0,SF,57.6,-2.7401167990995345,-1.941899312418703,2.900000000413738,,,0.4,-4.982030543817335,STL+PTS,11,False,False,sleeper_stats,
437,2600,Jalen Wilson,FA,25.0,PF|SF,57.5,-2.750876907764074,-2.7681234484666,6.898161916297084,768.8521227656611,301,1.0,-4.198140946878888,BLK+STL,11,False,False,sleeper_stats,fantasypros
438,1124,Garrett Temple,FA,40.0,PG|SG,57.4,-2.7626365250331135,-3.28853893908843,1.500000000108545,,,0.55,-6.439712179564366,REB+STL,11,False,False,sleeper_stats,
439,2612,Chris Livingston,FA,22.0,SF|SG,57.2,-2.776804669664214,-2.1133258910264416,3.500000001181432,,,0.4,-4.808319774310327,3PM+REB,11,False,False,sleeper_stats,
440,2711,Tristan da Silva,RaySo,25.0,PF|SF,57.1,-2.7813645843389967,0.5556078999814011,12.553364729403722,760.382722844439,288,1.0,0.006389928955162938,AST,11,False,False,"hashtag,sleeper_stats","fantasypros,hashtag"
441,2164,Zeke Nnaji,FA,25.0,C|PF,57.0,-2.7880329827162966,-2.4353165899332088,6.192394933107376,,,1.0,-3.7531213228873224,STL+PTS,11,False,False,sleeper_stats,
442,2738,AJ Johnson,Sbilofsky,21.0,PG|SG,56.9,-2.797307106146843,-3.8344409237422794,3.8750000018118254,755.9362883237744,303,1.0,-5.803312350281247,STL+REB,11,False,False,sleeper_stats,fantasypros
443,2747,Quinten Post,Gannon1253,26.0,C,56.8,-2.808899021579355,-0.5224800427395968,10.946064453353738,749.2869579643797,237,1.0,-1.2470975674688498,STL+AST,11,False,False,"hashtag,sleeper_stats","fantasypros,hashtag"
444,2637,Drew Timme,FA,25.0,C|PF,56.8,-2.8090435377154273,-2.860937681245367,3.944444446891644,,,0.675,-5.107351886755322,STL+REB,11,False,False,sleeper_stats,
445,2472,JD Davison,FA,23.0,PG|SF|SG,56.6,-2.8241418431182272,-2.7478698443642773,4.446428573369446,,,0.7,-4.890288905832428,STL+PTS,11,False,False,sleeper_stats,
446,1727,Malcolm Brogdon,FA,33.0,PG|SG,56.2,-2.8564777286570373,,,743.2374250970157,305,0.7,,n/a (consensus),11,True,False,,fantasypros
447,4805,Lachlan Olbrich,FA,22.0,C|PF,56.1,-2.8608685342827753,-3.039465689836955,6.040790095975865,,,0.925,-4.953884907848961,FT%+3PM,11,False,False,sleeper_stats,
448,4784,Amari Williams,jsomb,24.0,C,56.1,-2.8674964756990806,-2.8232574000921353,3.636364150576438,,,0.55,-5.21362995581651,STL+PTS,11,False,False,sleeper_stats,
449,1690,Caris LeVert,kgjikondi,31.0,SF|SG,56.1,-2.868035741541075,-1.498430187768736,10.610965458777963,740.1403245359754,266,1.0,-1.809131904460127,REB+FG%,11,False,False,"hashtag,sleeper_stats","fantasypros,hashtag"
450,2758,Antonio Reeves,FA,25.0,PG|SG,56.0,-2.8719061807676973,-2.5206294100025235,2.900000000860577,,,0.4,-5.221647601395813,STL+REB,11,False,False,sleeper_stats,
451,1546,Marcus Smart,JayMakeitHappen,32.0,PG|SF|SG,55.8,-2.890791656885225,-0.036717024022815396,13.318930379605552,739.160856612599,263,1.0,0.11290518040495526,FG%+REB,11,False,False,"hashtag,sleeper_stats","fantasypros,hashtag"
452,2450,Blake Wesley,FA,23.0,PG|SG,55.8,-2.8916114902604004,-2.8947473751519266,6.1612951942505525,,,0.775,-5.007119463654373,FT%+REB,11,False,False,sleeper_stats,
453,4792,Brooks Barnhizer,FA,24.0,PF|SF,55.6,-2.905718010060037,-3.171478003306189,3.9875015475522266,,,1.0,-5.085006517605065,PTS+STL,11,False,False,sleeper_stats,
454,1800,Nigel Hayes-Davis,FA,31.0,PF|SF,55.6,-2.908732897786845,-3.4512510977627855,2.5925925931348353,,,0.675,-6.00977871443563,PTS+3PM,11,False,False,sleeper_stats,
455,2575,Kobe Bufkin,FA,22.0,PG,55.3,-2.926959096232018,-2.867568650785814,3.3437500010334,730.7518882176529,307,0.7,-5.607007357078231,STL+REB,11,False,False,sleeper_stats,fantasypros
456,2172,Ömer Yurtseven,FA,28.0,C,55.2,-2.9391441979252737,-2.7264783060372966,5.778574962965637,,,0.4,-5.625156359665596,STL+3PM,11,False,False,sleeper_stats,
457,4768,Tyrese Proctor,WoodDaGood,22.0,PG|SG,54.9,-2.961163332794068,-2.4980037188494775,6.140000065893549,,,1.0,-3.948217777058757,REB+BLK,11,False,False,sleeper_stats,
458,4830,Chris Youngblood,FA,24.0,PG|SG,54.9,-2.963284042413973,-3.0923516025696265,2.83823529456859,,,0.85,-5.387789168025405,STL+REB,11,False,False,sleeper_stats,
459,1589,Bobby Portis,Sbilofsky,31.0,C|PF,54.9,-2.9651830091562075,0.8444582658720325,16.554026811421423,730.5648340277327,300,1.0,1.2768425701730415,BLK+STL,11,False,False,"hashtag,sleeper_stats","fantasypros,hashtag"
460,1895,Aaron Holiday,FA,29.0,PG,54.8,-2.9676961063541367,-2.5301988314384882,5.850877207217479,,,1.0,-3.836356924188174,REB+BLK,11,False,False,sleeper_stats,
461,2408,Lindy Waters,FA,28.0,SF|SG,54.8,-2.973489351993001,-3.4092981087009977,2.9000000006112625,,,1.0,-5.477480385250265,STL+REB,11,False,False,sleeper_stats,
462,1676,Ben Simmons,RaySo,29.0,PG,54.8,-2.973990237819563,,,724.5879949077914,308,0.7,,n/a (consensus),11,True,False,,fantasypros
463,2490,Karlo Matković,Sbilofsky,25.0,C|PF,54.6,-2.9835588127650485,-0.3731567415256993,9.70773118806363,724.5174426896446,205,1.0,-1.0025665932311862,STL+AST,11,False,False,"hashtag,sleeper_stats","fantasypros,hashtag"
464,2779,Isaiah Crawford,FA,24.0,PF|SF,54.5,-2.993569700688057,-2.747277656685082,3.0357142862207214,,,0.4,-5.442854001251012,STL+PTS,11,False,False,sleeper_stats,
465,2615,Rayan Rupert,jsomb,22.0,SF|SG,54.5,-2.995116880167641,-2.1300368471209024,8.078505903316106,,,1.0,-3.1199134168412925,PTS+AST,11,False,False,sleeper_stats,
466,2037,Jordan McLaughlin,FA,30.0,PG,54.5,-2.9983003872157696,-3.2139314268369965,3.4545454549660306,,,1.0,-5.021077203471385,REB+PTS,11,False,False,sleeper_stats,
467,2442,Wendell Moore,FA,24.0,SF|SG,54.4,-3.004395925113844,-2.0882109279388112,3.666666666956809,718.4760940475535,309,0.7,-4.506776788291123,PTS+3PM,11,False,False,sleeper_stats,fantasypros
468,2618,Hunter Tyson,FA,26.0,PF,54.0,-3.033115086869665,-2.947914679664682,3.8333336005194316,,,0.525,-5.51475470339939,STL+PTS,11,False,False,sleeper_stats,
469,1961,Duncan Robinson,RaySo,32.0,SF|SG,54.0,-3.037954872522464,0.5171494481048114,13.371736742618657,714.7410370938777,302,1.0,0.7408940086403799,REB+STL,11,False,False,"hashtag,sleeper_stats","fantasypros,hashtag"
470,2756,N'Faly Dante,FA,24.0,C,53.9,-3.04224861647487,-2.166128355491769,2.8750002386004754,,,0.4,-5.5313611208634,PTS+3PM,11,False,False,sleeper_stats,
471,2535,Stanley Umude,FA,27.0,C|PF|SF,53.8,-3.0513541562807567,-2.048181901756304,2.0000000001392912,,,0.4,-5.547916647783193,REB+PTS,11,False,False,sleeper_stats,
472,2053,Jaxson Hayes,jsomb,26.0,C|PF,53.8,-3.055990048896423,-0.3909411871425851,10.73864513450025,711.9812109426543,209,1.0,-0.9914931973492043,3PM+FT%,11,False,False,"hashtag,sleeper_stats","fantasypros,hashtag"
473,2295,Jared Butler,FA,25.0,PG|SF|SG,53.7,-3.060738221911838,,,706.4065191495988,311,0.7,,n/a (consensus),11,True,False,,fantasypros
474,2833,Spencer Jones,jsomb,25.0,PF|SF,53.5,-3.0753262900514673,-0.8737440006680066,9.360206181686335,700.4479790655644,312,1.0,-1.55925205545397,AST+PTS,11,False,False,"hashtag,sleeper_stats",hashtag
475,2434,Ochai Agbaji,FA,26.0,SF|SG,53.4,-3.08941618383508,-2.447233764737192,6.66131653873359,700.4479790655644,312,1.0,-3.598109515591982,STL+AST,11,False,False,sleeper_stats,fantasypros
476,4765,Jase Richardson,TheSosa,20.0,PG|SG,53.3,-3.0940716538863122,-2.715879693837791,5.040476195925807,695.7110113576632,215,1.0,-4.6039904332918535,REB+STL,11,False,False,"hashtag,sleeper_stats","fantasypros,hashtag"
477,2125,Isaiah Joe,JayMakeitHappen,27.0,SF|SG,53.2,-3.10159592002245,0.9079888562687152,11.811890298781215,690.1542776140257,261,1.0,0.37656951272844197,REB+BLK,11,False,False,"hashtag,sleeper_stats","fantasypros,hashtag"
478,4799,Hunter Dickinson,FA,25.0,C,53.2,-3.1043640590509303,-2.6220205424964873,3.2000000006313014,,,0.4,-5.644298289183509,STL+3PM,11,False,False,sleeper_stats,
479,1736,Derrick Jones,akatsoulakos,29.0,PF|SF,53.1,-3.1130892621003166,0.9778147678712243,13.473541895658444,683.8963598861535,306,1.0,0.9406949407208788,AST,11,False,False,"hashtag,sleeper_stats","fantasypros,hashtag"
480,1704,Taurean Prince,FA,32.0,PF|SF,53.0,-3.1151310771544796,-0.1354061344026419,11.155141853995438,682.8722283758551,315,0.7,-0.7941187927145025,BLK+STL,11,False,False,sleeper_stats,fantasypros
481,2061,Grant Williams,FA,27.0,PF,53.0,-3.1217671119129626,-0.3855548565020297,10.807325727928042,679.959332521658,308,0.9,-1.1339326702951238,STL+PTS,11,False,False,"hashtag,sleeper_stats","fantasypros,hashtag"
482,1131,Andre Drummond,akatsoulakos,32.0,C,52.7,-3.14116059617838,-0.17094173077973462,15.071600664009075,679.7713388817884,309,1.0,0.18211373104723622,3PM+FT%,11,False,False,"hashtag,sleeper_stats","fantasypros,hashtag"
483,2303,Bones Hyland,FA,25.0,PG|SG,52.4,-3.164630940862856,-0.7838496188761782,10.131423664136706,678.1276930303997,307,1.0,-1.5805097136764175,REB+BLK,11,False,False,"hashtag,sleeper_stats","fantasypros,hashtag"
484,2522,Keaton Wallace,FA,27.0,PG,52.2,-3.180454312316837,-2.7679862960053625,5.50943460750371,,,1.0,-4.200600035135445,REB+PTS,11,False,False,sleeper_stats,
485,2664,Drew Peterson,FA,26.0,PF|SF,52.1,-3.18952608534278,-2.7695588613809443,3.583333352193215,,,0.4,-5.799138336986872,FG%+PTS,11,False,False,sleeper_stats,
486,4803,Vladislav Goldin,FA,25.0,C,52.1,-3.1907790092213055,-2.030424928370145,2.0555555556669742,,,0.4,-5.801416380402373,STL+PTS,11,False,False,sleeper_stats,
487,2105,Bol Bol,FA,26.0,C|PF,52.0,-3.2022754898133234,,,677.1122000709781,316,0.7,,n/a (consensus),11,True,False,,fantasypros
488,4845,Alex Antetokounmpo,FA,24.0,PF|SF,51.7,-3.2230027965608903,-2.327365235360697,3.0833333347372074,,,0.4,-5.860005084656164,STL+REB,11,False,False,sleeper_stats,
489,2642,Colin Castleton,FA,26.0,PF|SF,51.6,-3.2295811945102577,-2.646663597772728,2.875001908831695,,,0.4,-5.871965808200468,PTS+STL,11,False,False,sleeper_stats,
490,2627,Jacob Toppin,FA,26.0,PF,51.6,-3.23218226360933,-2.310693719386316,1.6000000002672667,,,0.4,-5.876695024744236,STL+REB,11,False,False,sleeper_stats,
491,2505,Pat Spencer,TheSosa,30.0,SF|SG,51.6,-3.2367880841197074,-1.8006941871393245,10.268733295036416,672.6074811824491,304,1.0,-2.337256631264018,BLK+REB,11,False,False,"hashtag,sleeper_stats","fantasypros,hashtag"
492,2736,Tidjane Salaün,ek3,20.0,C|PF,51.3,-3.2549969735468416,-1.4713974636425426,8.788808619102687,671.4007576137814,317,0.925,-2.68620976919802,AST+STL,11,False,False,sleeper_stats,fantasypros
493,2028,Caleb Martin,JayMakeitHappen,30.0,PF|SF,51.1,-3.270684146238444,-2.4539332797177296,7.19832589238087,665.7374911825642,318,1.0,-3.615143466053433,PTS+3PM,11,False,False,sleeper_stats,fantasypros
494,2152,Precious Achiuwa,jsomb,26.0,C|PF,51.1,-3.2741486875469867,0.7822430359263763,15.742921489898979,662.0893168723811,292,1.0,0.4205560714743556,FT%+3PM,11,False,False,"hashtag,sleeper_stats","fantasypros,hashtag"
495,1178,Brook Lopez,Lsheqi03,38.0,C,50.8,-3.294940332763005,0.06937280415053243,12.672321969981828,661.4134668901332,243,1.0,0.34875246473030813,AST+FG%,11,False,False,"hashtag,sleeper_stats","fantasypros,hashtag"
496,1866,Zach Collins,TheSosa,28.0,C,50.6,-3.313620009113337,-0.2779151342888207,12.652586404985279,660.1219944124733,319,0.8,-0.890742520727074,STL+FT%,11,False,False,"hashtag,sleeper_stats","fantasypros,hashtag"
497,1603,Richaun Holmes,FA,32.0,C,50.4,-3.334264385920268,,,654.5538643663427,320,0.7,,n/a (consensus),11,True,False,,fantasypros
498,2562,Ben Sheppard,pwinslow,25.0,SF|SG,50.1,-3.351961320829022,-1.0847698583401837,9.751219648268677,645.7940640357965,259,1.0,-1.9134925437202486,BLK+PTS,11,False,False,"hashtag,sleeper_stats","fantasypros,hashtag"
499,4752,Hugo González,WoodDaGood,20.0,SF|SG,50.0,-3.365892349098026,-1.7074790909918875,7.3252958226083145,645.4760677583031,295,1.0,-3.1151228052558237,PTS+AST,11,False,False,"hashtag,sleeper_stats","fantasypros,hashtag"
500,1691,Kris Dunn,Gannon1253,32.0,PG|SG,49.7,-3.391668418435404,0.07429787318748818,13.236270245563116,645.0838527688678,220,1.0,0.3260297624788625,BLK+PTS,11,False,False,"hashtag,sleeper_stats","fantasypros,hashtag"
501,2846,Jahmir Young,FA,25.0,PG|SG,49.4,-3.4113519016848914,-2.95039755481404,1.8571428574692088,,,0.4,-6.202458003063438,STL+REB,11,False,False,sleeper_stats,
502,2744,Johnny Furphy,Lsheqi03,21.0,SF|SG,49.4,-3.4156844222991825,-1.3710157367740397,9.250435568906044,644.3885846070623,320,0.875,-2.9730751423356416,FT%+PTS,11,False,False,"hashtag,sleeper_stats","fantasypros,hashtag"
503,2128,Paul Reed,schunke2009,27.0,C|PF,49.1,-3.4362090657693605,0.3567109000915658,12.430167369387695,643.4206241230673,316,1.0,-0.04686718566551562,3PM+FT%,11,False,False,"hashtag,sleeper_stats","fantasypros,hashtag"
504,2592,Julian Phillips,FA,22.0,PF|SF,49.1,-3.4382029623839654,-3.132978320198038,3.8750000010866303,,,1.0,-4.775281892199952,REB+PTS,11,False,False,sleeper_stats,
505,2280,Ziaire Williams,TheSosa,24.0,SF|SG,48.9,-3.451715883863155,0.3127602591852642,11.8110845538253,638.927043960587,240,1.0,-0.1329195166568402,AST+REB,11,False,False,"hashtag,sleeper_stats","fantasypros,hashtag"
506,1081,Klay Thompson,RaySo,36.0,PF|SF|SG,48.7,-3.470530633617216,-0.8126084726888775,11.490712573623679,638.6023545480874,245,1.0,-1.0382892509652983,FG%+REB,11,False,False,"hashtag,sleeper_stats","fantasypros,hashtag"
507,2591,Jett Howard,ek3,22.0,SF|SG,48.5,-3.486862839463043,-2.267712158902127,6.118181992990374,638.1296960099204,323,1.0,-3.5600928292197906,STL+REB,11,False,False,sleeper_stats,fantasypros
508,2780,Isaac Jones,FA,26.0,PF,48.5,-3.4900945223635174,-2.9818294940774055,1.6428571430473493,,,0.4,-6.345626404297303,STL+PTS,11,False,False,sleeper_stats,
509,1798,Lonzo Ball,FA,28.0,PG|SF|SG,48.3,-3.502958558501663,-0.47136978169741406,12.414329915359854,635.4941672629423,208,0.875,-1.0564033294833264,FG%+PTS,11,False,False,"hashtag,sleeper_stats","fantasypros,hashtag"
510,2290,Dalano Banton,FA,26.0,PG,48.2,-3.511620396819726,-2.128645147412969,4.666667368254646,632.7470710349058,324,0.7,-4.653186259865727,REB+3PM,11,False,False,sleeper_stats,fantasypros
511,2039,John Konchar,FA,30.0,PF|SF|SG,48.1,-3.515150015880799,0.8416644741631271,12.558823447382494,627.4098485098991,325,1.0,0.6927107598184363,PTS+3PM,11,False,False,sleeper_stats,fantasypros
512,1651,Cameron Payne,FA,31.0,PG|SG,48.0,-3.5281086736122624,-0.4630462441953628,11.36081639794129,622.0301169256913,325,0.8,-0.3709136039253724,FG%+REB,11,False,False,"hashtag,sleeper_stats","fantasypros,hashtag"
513,2122,James Wiseman,FA,25.0,C,47.8,-3.5394585593903245,-2.8758801645191614,3.6250033595610938,616.8700821613148,327,0.7,-6.234921332583127,STL+3PM,11,False,False,sleeper_stats,fantasypros
514,2567,Marcus Sasser,FA,25.0,PG,47.6,-3.5557513179155062,-2.0791285356451508,6.6076692001614,613.7358257161769,322,0.95,-3.631833520748405,REB+PTS,11,False,False,"hashtag,sleeper_stats","fantasypros,hashtag"
515,4852,Sean Pedulla,FA,23.0,PG,47.6,-3.5573771310514437,-2.7658280475688346,2.142857143209465,,,0.4,-6.15996040008908,STL+REB,11,False,False,sleeper_stats,
516,2493,Buddy Boeheim,FA,26.0,PG|SG,47.6,-3.5608309527769837,-2.8385881818943948,1.0000000002399219,,,0.4,-6.474238095958151,STL+REB,11,False,False,sleeper_stats,
517,1339,Chris Paul,FA,41.0,PG,47.6,-3.5618419404250896,-1.8904255141967712,7.2193615801462485,611.666782062068,328,0.7,-3.8387221699443836,PTS+BLK,11,False,False,sleeper_stats,fantasypros
518,4804,Caleb Love,Sbilofsky,24.0,PG|SG,47.5,-3.5657677502753806,-1.2373619458589327,11.020091558856151,606.507371807224,329,1.0,-2.339852317201808,FG%+BLK,11,False,False,"hashtag,sleeper_stats",hashtag
519,4796,Mark Sears,FA,24.0,PG|SG,47.5,-3.5680329310073438,-2.906209747641757,1.8571428585081196,,,0.4,-6.487332601831533,STL+REB,11,False,False,sleeper_stats,
520,2652,Javonte Cooke,FA,27.0,PG|SG,47.5,-3.5685136754525537,-3.4240440951329307,2.2105263159673423,,,0.475,-6.488206682641006,PTS+REB,11,False,False,sleeper_stats,
521,2761,Harrison Ingram,FA,23.0,PF|SF,47.4,-3.5747832319498296,-2.6977847893208313,1.2857142859734432,,,0.4,-6.1901008345451585,STL+REB,11,False,False,sleeper_stats,
522,2622,Sidy Cissoko,FA,22.0,C|PF,47.3,-3.5857104285245107,-2.504604595329228,7.746685838231981,,,1.0,-3.4149623128804865,PTS+REB,11,False,False,sleeper_stats,
523,2837,Bobi Klintman,FA,23.0,PF,47.2,-3.5959135488191056,-3.152083224061756,3.1666667324799986,606.507371807224,329,0.7,-6.266613457207869,STL+PTS,11,False,False,sleeper_stats,fantasypros
524,2145,Tre Jones,RaySo,26.0,PG|SF|SG,47.0,-3.608405147038465,2.5624760397256203,17.268816160090562,606.0062741057158,221,1.0,2.4264410355683497,3PM+BLK,11,False,False,"hashtag,sleeper_stats","fantasypros,hashtag"
525,2658,Alex Morales,FA,28.0,PG|SG,46.9,-3.614029023301917,-3.197383769481167,1.7500000004137388,,,0.4,-6.916801958472568,STL+REB,11,False,False,sleeper_stats,
526,1614,Tyus Jones,TheSosa,30.0,PG,46.9,-3.6197058314180928,-3.039902814381405,6.105145091813143,604.6250970144679,227,1.0,-3.82677372131484,REB+PTS,11,False,False,"hashtag,sleeper_stats","fantasypros,hashtag"
527,2074,Terance Mann,FA,29.0,SF|SG,46.7,-3.6314144770598595,-0.8143426375023396,10.898661872932667,601.391481185877,330,1.0,-1.61626299564528,PTS+BLK,11,False,False,sleeper_stats,fantasypros
528,2654,Duop Reath,FA,30.0,C|PF,46.5,-3.6531173327880118,-2.6561070885861517,3.9218750014056387,596.3187431098514,331,0.8,-4.620088110909193,STL+REB,11,False,False,sleeper_stats,fantasypros
529,1941,Kevin Huerter,phw23,27.0,SF|SG,46.3,-3.6656302047959017,0.8017781427610546,13.608177840732198,592.2700740599408,276,1.0,0.33413745706792003,balanced,11,False,False,"hashtag,sleeper_stats","fantasypros,hashtag"
530,1821,Guerschon Yabusele,jsomb,30.0,C|PF,46.2,-3.671557505659568,-2.401565094753977,8.333082677332357,591.4274403038863,222,1.0,-2.981887462235712,STL+AST,11,False,False,"hashtag,sleeper_stats","fantasypros,hashtag"
531,4785,Max Shulga,FA,24.0,PG|SG,46.0,-3.688211167138751,-3.216442778579101,1.0000000000933957,,,0.4,-6.70583848570682,STL+PTS,11,False,False,sleeper_stats,
532,1432,Steven Adams,jsomb,33.0,C,45.8,-3.7075583679439608,-0.717797588988156,14.764222805118518,581.8892778241332,304,0.8,-0.9054427445516222,FT%+3PM,11,False,False,"hashtag,sleeper_stats","fantasypros,hashtag"
533,1852,Maxi Kleber,FA,34.0,C|PF,45.7,-3.718716145446602,-3.073682371901443,4.604652894047825,581.3558195612942,334,1.0,-4.815881723658858,PTS+3PM,11,False,False,sleeper_stats,fantasypros
534,2118,Patrick Williams,Kterr,24.0,PF,45.6,-3.7267458854024564,-1.5711747455154463,9.766124278430858,579.6377659245431,225,1.0,-2.4177009276091157,FG%+PTS,11,False,False,"hashtag,sleeper_stats","fantasypros,hashtag"
535,1602,T.J. McConnell,Lsheqi03,34.0,PG,45.4,-3.737032370047188,-0.12681158271707005,13.455056180506118,577.244441118033,228,1.0,0.20117894310007634,3PM+REB,11,False,False,"hashtag,sleeper_stats","fantasypros,hashtag"
536,1671,Georges Niang,FA,33.0,PF,45.4,-3.7415403015608577,,,576.4520823221295,335,0.7,,n/a (consensus),11,True,False,,fantasypros
537,2841,Nae'Qwan Tomlin,FA,25.0,PF|SF,45.2,-3.752724425072401,-1.4022868767655268,8.610881549587104,571.5897081141785,336,1.0,-2.2424565899312494,3PM+AST,11,False,False,"hashtag,sleeper_stats",hashtag
538,2293,Keon Johnson,FA,24.0,PG|SG,45.2,-3.759397126237533,,,571.5897081141785,336,0.7,,n/a (consensus),11,True,False,,fantasypros
539,2838,Trentyn Flowers,FA,21.0,PF,45.1,-3.7607785903180124,-2.7078138238127107,1.500000000410455,,,0.4,-6.512170719165389,STL+REB,11,False,False,sleeper_stats,
540,1879,Jonathan Isaac,FA,28.0,C|PF,44.8,-3.7891274623016336,-2.735744527708079,5.942626589425711,567.0403889924595,207,1.0,-4.042290624169764,PTS+3PM,11,False,False,"hashtag,sleeper_stats","fantasypros,hashtag"
541,2459,Trevor Keels,FA,22.0,PG|SG,44.8,-3.7903507197172335,-2.7021904805574968,1.125000000139291,,,0.4,-6.56337786964023,STL+REB,11,False,False,sleeper_stats,
542,2743,Ariel Hukporti,Sbilofsky,24.0,C,44.6,-3.804884593003923,-2.8851126567646888,5.277960354914109,566.7683480402085,337,1.0,-4.29761607954105,STL+3PM,11,False,False,sleeper_stats,fantasypros
543,2602,Jaylen Clark,FA,24.0,SF|SG,44.5,-3.8138710495772745,-2.8735662609589547,5.970588919107489,,,1.0,-3.926043727506018,PTS+REB,11,False,False,sleeper_stats,
544,2182,Killian Hayes,Gannon1253,24.0,PG,44.4,-3.8222144130742377,-1.1584509115286792,9.918813463871144,562.712196026492,328,0.8,-2.4550369681521325,FG%+PTS,11,False,False,"hashtag,sleeper_stats","fantasypros,hashtag"
545,1516,Spencer Dinwiddie,FA,33.0,PG|SG,44.2,-3.8359854822163397,,,561.9876561459364,338,0.7,,n/a (consensus),11,True,False,,fantasypros
546,2120,Isaac Okoro,Gannon1253,25.0,SF|SG,44.2,-3.8403630913039706,-0.1716975168248254,11.228271871641308,557.3424299628052,287,1.0,-0.8121491845312069,REB+AST,11,False,False,"hashtag,sleeper_stats","fantasypros,hashtag"
547,4849,Darius Brown,FA,26.0,PG|SG,44.1,-3.8494440045520033,-3.188406149290519,1.0,,,0.4,-6.99898909918546,STL+PTS,11,False,False,sleeper_stats,
548,2755,Bronny James,FA,21.0,PG|SG,43.9,-3.8638704456645856,-2.787837412502053,3.9897959198562574,550.4936763052068,290,1.0,-4.923254138007869,REB+PTS,11,False,False,"hashtag,sleeper_stats","fantasypros,hashtag"
549,2452,Malaki Branham,FA,23.0,PG|SF|SG,43.4,-3.899208713760981,-2.3471079120155376,5.321428694840028,547.8861736228631,341,0.7,-4.263457974464001,STL+REB,11,False,False,sleeper_stats,fantasypros
550,1909,Bruce Brown,FA,29.0,PG|SG,43.2,-3.918269449473343,-0.5338042815779673,11.78687534328249,546.3438247414356,262,1.0,-1.0264970712825705,3PM+PTS,11,False,False,"hashtag,sleeper_stats","fantasypros,hashtag"
551,1555,Danté Exum,FA,31.0,PG|SF|SG,43.1,-3.9257771865831055,,,543.2647528990707,342,0.7,,n/a (consensus),11,True,False,,fantasypros
552,1707,Buddy Hield,JayMakeitHappen,33.0,SG,43.0,-3.937578775930906,-1.4514897046057702,9.267273429624534,538.8086252979505,233,1.0,-1.983302966903743,REB+BLK,11,False,False,"hashtag,sleeper_stats","fantasypros,hashtag"
553,1772,Markelle Fultz,FA,28.0,PG|SG,42.8,-3.9510355760368303,-3.2039580205549965,2.2000000572251683,538.6823138662472,343,0.7,-6.793879555519144,REB+PTS,11,False,False,sleeper_stats,fantasypros
554,1277,Eric Gordon,FA,37.0,SF|SG,42.7,-3.962612445720589,-1.455760431713599,5.4166666812271105,534.1385277137689,344,0.7,-3.273515495224045,REB+AST,11,False,False,sleeper_stats,fantasypros
555,2297,Tre Mann,FA,25.0,PG|SG,42.6,-3.964941473293158,-2.8007026760514266,6.695149088449103,532.5600131290863,235,1.0,-4.278943673625786,FG%+REB,11,False,False,"hashtag,sleeper_stats","fantasypros,hashtag"
556,1141,Kentavious Caldwell-Pope,JayMakeitHappen,33.0,PG|SG,42.2,-3.999770079400285,-0.7114984828537839,10.716141131378564,529.6330684045298,345,1.0,-1.5649723257504193,FG%+BLK,11,False,False,sleeper_stats,fantasypros
557,2139,Sam Merrill,akatsoulakos,30.0,SF|SG,42.1,-4.0115797808028475,0.810927047527548,13.537575050528675,528.6372241306872,338,1.0,0.9846646087464487,BLK+REB,11,False,False,"hashtag,sleeper_stats","fantasypros,hashtag"
558,2266,Corey Kispert,akatsoulakos,27.0,SF|SG,42.0,-4.019359953092987,-1.2077760488683074,9.379123993435284,526.0512824374752,248,1.0,-2.202848474310178,STL+REB,11,False,False,"hashtag,sleeper_stats","fantasypros,hashtag"
559,2723,Ja'Kobe Walter,TheSosa,21.0,SF|SG,41.8,-4.034427212774613,-0.3044729508102763,10.187663303000667,525.1656126515484,346,1.0,-0.9035687882138457,AST+REB,11,False,False,sleeper_stats,fantasypros
560,2709,Dalton Knecht,kgjikondi,25.0,SF|SG,41.7,-4.043721813499151,-3.095874607235905,4.641269857665781,523.1938044798766,234,1.0,-4.614787710223844,STL+REB,11,False,False,"hashtag,sleeper_stats","fantasypros,hashtag"
561,2485,Jaden Hardy,RaySo,24.0,PG|SF|SG,41.3,-4.074936436368617,-2.343368870519373,7.704511842486171,521.614039054678,249,1.0,-3.671557505659568,STL+REB,11,False,False,"hashtag,sleeper_stats","fantasypros,hashtag"
562,4836,Jahmyl Telfort,FA,25.0,SF|SG,41.0,-4.097572904857821,-3.7917698775396422,0.6875000000529132,,,0.4,-7.450132554286947,STL+PTS,11,False,False,sleeper_stats,
563,2008,Dean Wade,Sbilofsky,29.0,PF|SF,40.9,-4.104594463310908,-0.13115447824506515,11.139629686011242,520.7358398947683,347,1.0,-0.5581212193175826,PTS+AST,11,False,False,"hashtag,sleeper_stats",hashtag
564,1092,Harrison Barnes,jsomb,34.0,C|PF,40.5,-4.139402412547917,-0.04214447784577583,11.377118623199351,520.7358398947683,347,1.0,-0.7168474079343378,BLK+REB,11,False,False,sleeper_stats,fantasypros
565,4795,Hunter Sallis,FA,23.0,PG|SG,40.5,-4.1421276317454,-3.502838202379499,0.7857142858535767,,,0.4,-7.172515379645714,STL+REB,11,False,False,sleeper_stats,
566,1986,Marvin Bagley,ek3,27.0,C,40.0,-4.179473973951988,0.5343088056005812,14.373184209976944,516.3434322780585,348,1.0,0.12250738936128602,FT%+3PM,11,False,False,sleeper_stats,fantasypros
567,2606,Mouhamed Gueye,Lsheqi03,23.0,C|PF,39.8,-4.19364576772925,-1.264923426930992,9.137429599180313,513.7551256663975,238,1.0,-1.9186162360026804,PTS+AST,11,False,False,"hashtag,sleeper_stats","fantasypros,hashtag"
568,4783,Micah Peavy,jsomb,25.0,PF|SF,39.8,-4.199437210455988,-2.4801461580046706,6.630915624789168,512.9458035412858,281,1.0,-3.6075848299409903,PTS+REB,11,False,False,"hashtag,sleeper_stats","fantasypros,hashtag"
569,2732,Pacôme Dadiet,FA,20.0,PF|SF|SG,39.7,-4.202639033836254,-3.2022479261583467,2.4655172416633455,511.9880746264039,349,0.725,-5.889392032094886,STL+PTS,11,False,False,sleeper_stats,fantasypros
570,4802,Chucky Hepburn,FA,23.0,PG|SG,39.4,-4.226437960353,-3.3756411545581413,2.0,,,0.4,-7.318507290654543,FG%+PTS,11,False,False,sleeper_stats,
571,2341,Jordan Goodwin,jsomb,27.0,SF|SG,39.1,-4.256485010438327,1.1898934186874877,14.72531296859199,507.66945442329273,350,1.0,0.9056715457453058,FG%+BLK,11,False,False,"hashtag,sleeper_stats",hashtag
572,2721,Baylor Scheierman,WoodDaGood,25.0,PF|SF,38.8,-4.279701038904087,-1.2216428561624,9.053660719323442,507.66945442329273,350,1.0,-1.973501249300592,BLK+PTS,11,False,False,sleeper_stats,fantasypros
573,2477,Jabari Walker,FA,23.0,C|PF,38.6,-4.292708565597946,-2.608628272447752,6.641001856187561,503.387261788289,351,1.0,-3.7311421444410247,STL+AST,11,False,False,sleeper_stats,fantasypros
574,2670,Tosan Evbuomwan,FA,25.0,SF|SG,38.3,-4.3170864758066125,-3.1414786165022264,0.4,499.14118945479936,352,0.7,-6.896329207306702,STL+PTS,11,False,False,sleeper_stats,fantasypros
575,2576,Jordan Hawkins,ek3,24.0,SF|SG,37.9,-4.355357751288874,-2.9015025132579337,5.789076174803979,496.0874021404372,244,1.0,-4.466910087480047,STL+REB,11,False,False,"hashtag,sleeper_stats","fantasypros,hashtag"
576,1932,Moritz Wagner,JayMakeitHappen,29.0,C,37.2,-4.4115104260711915,-1.8137269539130478,8.189544566010866,494.9309327480244,353,0.9,-3.176631607306699,STL+AST,11,False,False,"hashtag,sleeper_stats","fantasypros,hashtag"
577,2831,Jamison Battle,FA,25.0,C|PF|SF,36.8,-4.440208899017352,-3.6270968137222623,3.7295082201320904,,,1.0,-5.095321687396961,STL+PTS,11,False,False,sleeper_stats,
578,2481,MarJon Beauchamp,FA,25.0,PF|SF,36.5,-4.464988481377983,-1.4167215974739602,8.250039429422301,490.75618956309785,354,0.7,-3.0278524290416633,REB+AST,11,False,False,sleeper_stats,fantasypros
579,1899,Landry Shamet,akatsoulakos,29.0,SF|SG,36.1,-4.495742310268318,-0.8558008042997004,9.855465202766712,487.81963022145806,349,1.0,-1.642136158407018,REB+BLK,11,False,False,"hashtag,sleeper_stats","fantasypros,hashtag"
580,4895,Meleek Thomas,TheSosa,19.0,PG|SF|SG,36.1,-4.5014632945808195,,,486.61666034340726,355,0.8,,n/a (consensus),11,True,False,,hashtag
581,2587,Kris Murray,jsomb,25.0,PF|SF|SG,35.8,-4.524995507388146,-1.0085741659439473,9.99100222256211,486.23999953656147,239,1.0,-1.7804763346709749,PTS+3PM,11,False,False,"hashtag,sleeper_stats","fantasypros,hashtag"
582,1841,Royce O'Neale,Sbilofsky,33.0,PF|SF,35.5,-4.551489214652697,1.1102748651700707,15.4339930807322,484.5409226085913,348,1.0,1.6156221749685646,FG%,11,False,False,"hashtag,sleeper_stats","fantasypros,hashtag"
583,4907,Dillon Mitchell,akatsoulakos,22.0,PF|SF,35.1,-4.57969242661243,,,482.51204805910146,356,0.8,,n/a (consensus),11,True,False,,hashtag
584,1620,Larry Nance,FA,33.0,C|PF,34.8,-4.604241532755388,-2.164512830576853,6.771533273476742,478.44205818577615,357,0.875,-3.721690187508102,PTS+AST,11,False,False,sleeper_stats,fantasypros
585,4749,Asa Newell,Lsheqi03,20.0,C|PF,34.7,-4.615856008036395,-1.6248421065940086,6.614952373045513,478.3954728866864,254,1.0,-3.4946327393548935,STL+AST,11,False,False,"hashtag,sleeper_stats","fantasypros,hashtag"
586,4893,Tyler Nickel,FA,22.0,PF|SF,34.5,-4.632660276016714,,,474.40639868334165,358,0.8,,n/a (consensus),11,True,False,,hashtag
587,4892,Jack Kayil,FA,20.5,PG|SG,34.2,-4.654737318503887,,,470.4047799750658,359,0.8,,n/a (consensus),11,True,False,,hashtag
588,2478,Caleb Houstan,FA,23.0,SF|SG,33.9,-4.676951462465166,-2.4138332671003933,2.4166666672515804,470.40477997506576,359,0.7,-5.409243842233714,STL+REB,11,False,False,sleeper_stats,fantasypros
589,2298,Jeremiah Robinson-Earl,FA,25.0,C|PF,33.5,-4.708363216895033,-1.6672851104330029,8.258960427901988,466.43691492679716,360,0.7,-3.275253406067863,STL+BLK,11,False,False,sleeper_stats,fantasypros
590,2185,Vít Krejčí,FA,26.0,PF|SF|SG,33.4,-4.720661684952212,-0.21767081069083713,10.428625342023311,463.9796465524567,282,1.0,-0.8730502167827657,REB+AST,11,False,False,"hashtag,sleeper_stats","fantasypros,hashtag"
591,2829,Jesse Edwards,FA,26.0,C,33.2,-4.738518523712474,,,462.5025188263612,361,0.7,,n/a (consensus),11,True,False,,fantasypros
592,2417,AJ Green,JayMakeitHappen,26.0,SF|SG,32.8,-4.767103561043716,0.20511692898418782,11.541644020304533,457.10776335960634,339,1.0,-0.4991663934571556,BLK+STL,11,False,False,"hashtag,sleeper_stats","fantasypros,hashtag"
593,2742,Tyler Kolek,Sbilofsky,25.0,PG|SG,32.7,-4.776133885116649,-2.5760221055350776,6.9024581705653745,456.37402324574776,361,1.0,-3.8057683369206345,REB+STL,11,False,False,"hashtag,sleeper_stats","fantasypros,hashtag"
594,4746,Ben Saraf,WoodDaGood,20.0,PG,32.7,-4.778788309998594,-1.9394988544869747,9.237001989532958,456.31291406218253,300,1.0,-3.778420655142854,TO+FG%,11,False,False,"hashtag,sleeper_stats","fantasypros,hashtag"
595,2017,Matisse Thybulle,Lsheqi03,29.0,SF|SG,32.3,-4.807869933257307,0.3047887749181196,10.516677580080467,454.73300660777113,363,0.75,0.16704138316492007,REB+AST,11,False,False,sleeper_stats,fantasypros
596,2268,Luka Garza,Kterr,27.0,C,32.3,-4.81170456965652,-0.578993535044055,10.432883928713805,449.77289287460786,260,1.0,-1.2797836032623688,STL+AST,11,False,False,"hashtag,sleeper_stats","fantasypros,hashtag"
597,2596,Tristan Vukcevic,WoodDaGood,23.0,C,32.2,-4.8164243118530585,-0.9228893829661552,10.180792230032761,447.8480185965072,267,1.0,-1.8496140402966046,STL+AST,11,False,False,"hashtag,sleeper_stats","fantasypros,hashtag"
598,2329,Sam Hauser,RaySo,28.0,PF|SF,32.0,-4.835814746209401,0.5942772380044293,12.335218711466771,447.7152469989869,306,1.0,0.14527028612175366,STL+FG%,11,False,False,"hashtag,sleeper_stats","fantasypros,hashtag"
599,1354,Alec Burks,FA,34.0,PG|SF|SG,31.6,-4.870470940564293,,,447.09401328941937,365,0.7,,n/a (consensus),11,True,False,,fantasypros
600,1029,Tim Hardaway,Sbilofsky,34.0,SF|SG,31.4,-4.886298910152264,0.210795687250969,12.842335551912644,443.16130647009066,299,1.0,0.30250665604379035,BLK+STL,11,False,False,"hashtag,sleeper_stats","fantasypros,hashtag"
601,2413,Johnny Juzang,FA,25.0,SF|SG,31.3,-4.891299108493252,-3.0738487271702413,2.309523809955653,439.5833463033769,367,0.7,-6.097855086431687,STL+REB,11,False,False,sleeper_stats,fantasypros
602,2597,Trayce Jackson-Davis,phw23,26.0,C,31.1,-4.912242390813856,-2.898391866436039,6.30901411582356,436.72771934801347,268,1.0,-4.291156188738392,FT%+3PM,11,False,False,"hashtag,sleeper_stats","fantasypros,hashtag"
603,2860,RayJ Dennis,FA,25.0,PG,30.9,-4.926504188535199,-2.4563417995093513,5.84834365016982,435.87546009590545,368,0.8,-4.88745507828142,STL+FG%,11,False,False,"hashtag,sleeper_stats",hashtag
604,2681,Trey Jemison,FA,26.0,C,30.8,-4.932500579623786,-3.242531769107518,1.9615384660836872,435.87546009590545,368,0.7,-6.393376766774734,STL+PTS,11,False,False,sleeper_stats,fantasypros
605,2174,Trevelin Queen,FA,29.0,SF|SG,30.8,-4.934145862294246,,,432.1988499143418,369,0.7,,n/a (consensus),11,True,False,,fantasypros
606,2155,Josh Green,RaySo,25.0,SF|SG,30.7,-4.943441100303597,-2.258424138420745,6.039656017109774,431.77728925547353,270,1.0,-3.416141453576838,PTS+REB,11,False,False,"hashtag,sleeper_stats","fantasypros,hashtag"
607,4767,Mohamed Diawara,FA,21.0,PF,30.6,-4.946580702314228,-3.544365212547897,4.492753631894779,,,1.0,-4.779305026390558,STL+REB,11,False,False,sleeper_stats,
608,2492,Dominick Barlow,akatsoulakos,23.0,C|PF,30.5,-4.955246010890994,0.18484463005098425,12.452567417465312,421.3540484993855,372,1.0,-0.28505033619785347,3PM+AST,11,False,False,"hashtag,sleeper_stats",hashtag
609,2469,Tyrese Martin,FA,27.0,PG|SF|SG,30.3,-4.970050258218273,-1.8659855648982095,8.438922555904496,417.79992644714827,373,1.0,-3.153865637141172,FG%+STL,11,False,False,"hashtag,sleeper_stats",hashtag
610,1749,Malik Beasley,FA,29.0,SF|SG,30.0,-4.994088784359168,,,417.79992644714827,373,0.7,,n/a (consensus),11,True,False,,fantasypros
611,4780,Javon Small,WoodDaGood,23.0,PG|SG,29.8,-5.016316423998916,0.32640241571989576,13.04834217338449,414.275783419931,374,1.0,-0.15452511379548473,BLK+REB,11,False,False,"hashtag,sleeper_stats",hashtag
612,1824,Daniel Theis,FA,34.0,C,29.2,-5.065906488342639,,,414.275783419931,374,0.7,,n/a (consensus),11,True,False,,fantasypros
613,4773,Will Richard,Jmains715,23.0,PG|SF|SG,28.9,-5.085013882816605,-0.84843776747172,9.326806668735891,410.78136654461105,375,1.0,-1.513294190242367,BLK+PTS,11,False,False,"hashtag,sleeper_stats",hashtag
614,1952,Chimezie Metu,FA,29.0,PF,28.9,-5.087388572518266,,,410.781366544611,375,0.7,,n/a (consensus),11,True,False,,fantasypros
615,1534,Jordan Clarkson,FA,34.0,SF|SG,28.8,-5.096585503600957,-2.4593933141802657,8.047621280683206,408.73159012721817,313,1.0,-3.25487947349052,REB+STL,11,False,False,"hashtag,sleeper_stats","fantasypros,hashtag"
616,2325,Trendon Watford,FA,25.0,PF,28.7,-5.103470071158522,-1.6461273847729998,9.363167812575533,408.46672704303325,326,1.0,-2.7741820688756005,STL+3PM,11,False,False,"hashtag,sleeper_stats","fantasypros,hashtag"
617,1434,Russell Westbrook,Kterr,37.0,PG|SG,28.3,-5.135566282984528,0.7305581887002502,20.650129213465227,407.61812172242963,298,1.0,1.0964079447707669,TO+FG%,11,False,False,"hashtag,sleeper_stats","fantasypros,hashtag"
618,1581,Gary Harris,FA,31.0,SF|SG,28.0,-5.160546196772652,-2.482022062331785,5.062500002100517,407.3164250810509,376,1.0,-3.892606393451531,PTS+REB,11,False,False,sleeper_stats,fantasypros
619,1640,Trey Lyles,FA,30.0,C|PF,27.9,-5.170765098599176,,,403.8807104041072,377,0.7,,n/a (consensus),11,True,False,,fantasypros
620,1427,Reggie Jackson,FA,36.0,PG|SG,27.5,-5.200098628514023,,,393.74647219284844,380,0.7,,n/a (consensus),11,True,False,,fantasypros
621,2261,Chris Duarte,FA,29.0,SF|SG,27.3,-5.217172636421318,,,390.4252200895516,381,0.7,,n/a (consensus),11,True,False,,fantasypros
622,2760,Juan Núñez,FA,22.0,PG|SG,26.6,-5.276613892862071,,,383.86652387827684,383,0.7,,n/a (consensus),11,True,False,,fantasypros
623,1901,Haywood Highsmith,FA,29.0,PF|SF,25.5,-5.366356248565189,-0.93037907710392,7.335167403036093,380.6286091543282,384,0.8,-2.1337543584947247,BLK+REB,11,False,False,"hashtag,sleeper_stats",hashtag
624,2773,PJ Hall,FA,24.0,C,25.2,-5.387619913645698,-1.7832359025005236,7.345318536806391,374.2344847783704,386,0.7,-3.566633991847429,STL+3PM,11,False,False,sleeper_stats,fantasypros
625,2163,Xavier Tillman,FA,27.0,C,25.2,-5.393529971546235,-3.141414426887835,3.3166666767593043,371.0778163191605,387,0.75,-5.390646692521008,PTS+STL,11,False,False,sleeper_stats,fantasypros
626,2751,KJ Simpson,FA,23.0,PG,24.8,-5.420447228572813,-2.463704467593051,6.925013357969881,367.9477743632969,388,0.7,-4.684462321058215,FG%+BLK,11,False,False,sleeper_stats,fantasypros
627,1548,Kyle Anderson,FA,32.0,PF|SF,24.4,-5.456702452225401,-0.06755957939963778,11.955886196214069,364.84413431618316,389,1.0,-0.5572509587939725,3PM+PTS,11,False,False,sleeper_stats,fantasypros
628,1598,Kevon Looney,FA,30.0,C,24.2,-5.475136522585222,-0.9006715163146115,10.085191700963389,361.76667347767784,390,0.7,-1.9432071511589968,3PM+PTS,11,False,False,sleeper_stats,fantasypros
629,2570,Dariq Whitehead,FA,21.0,PG|SF|SG,23.9,-5.49551012096332,0.14679581735536332,14.957411419362538,360.37234466742046,382,0.8,-0.8109233272476276,FG%+BLK,11,False,False,"hashtag,sleeper_stats","fantasypros,hashtag"
630,2572,Jalen Hood-Schifino,FA,23.0,PF|SF|SG,23.7,-5.515527094909344,,,358.7151710261157,391,0.7,,n/a (consensus),11,True,False,,fantasypros
631,1674,Dario Šarić,FA,32.0,C,23.4,-5.535082905984904,-3.075636271485553,1.8000000003584447,355.6894080024625,392,0.7,-6.5652209462920315,STL+PTS,11,False,False,sleeper_stats,fantasypros
632,2640,Craig Porter,pwinslow,26.0,PG|SG,23.1,-5.564398631760852,-0.3873755217349833,11.20504336313332,352.6891672946042,393,1.0,-0.9963772429250162,PTS+3PM,11,False,False,sleeper_stats,fantasypros
633,2569,Nick Smith,FA,22.0,PG|SG,22.6,-5.599387617765158,-2.4569077940006507,5.4833333610283415,343.8394353222161,396,0.75,-4.42559555628563,REB+STL,11,False,False,sleeper_stats,fantasypros
634,2193,Jae'Sean Tate,FA,30.0,SF|SG,22.5,-5.610841710663066,-3.350155496014075,3.8586957425420527,340.9391491522845,397,1.0,-5.162030766361371,STL+PTS,11,False,False,sleeper_stats,fantasypros
635,2585,Olivier-Maxence Prosper,phw23,24.0,C|PF|SF,22.3,-5.6243438485812,-0.30682290099318255,11.16221848240272,336.9639070274561,393,1.0,-0.9557407918855049,AST+BLK,11,False,False,"hashtag,sleeper_stats","fantasypros,hashtag"
636,2765,Cam Christie,FA,21.0,SF|SG,21.9,-5.659719425934536,-3.7950944792935872,3.8000000129012994,335.2117622142493,399,1.0,-5.4699214281555,STL+PTS,11,False,False,sleeper_stats,fantasypros
637,2317,Jock Landale,akatsoulakos,30.0,C,20.4,-5.783464982500396,-0.025503850907272706,14.43940724011557,333.8138018159503,394,1.0,-0.014579339249186196,FT%+STL,11,False,False,"hashtag,sleeper_stats","fantasypros,hashtag"
638,2043,Talen Horton-Tucker,FA,25.0,SF|SG,20.2,-5.800215551315133,,,332.38425048035714,400,0.7,,n/a (consensus),11,True,False,,fantasypros
639,1200,Mike Conley,FA,38.0,PG,20.2,-5.8026509654397795,-1.2275950946256473,8.60215219011302,329.5805888123234,401,1.0,-2.1960043802416256,REB+FG%,11,False,False,sleeper_stats,fantasypros
640,1994,Mo Bamba,FA,28.0,C,20.1,-5.805239808155486,-1.3453786688896994,8.011529604928493,326.80057603480543,402,0.7,-3.0881620475122893,STL+3PM,11,False,False,sleeper_stats,fantasypros
641,1907,Svi Mykhailiuk,Kterr,29.0,SF|SG,19.5,-5.86009780344333,-0.417697551793001,10.330153584405748,321.3107009202052,404,1.0,-1.2000730402247959,BLK+STL,11,False,False,sleeper_stats,fantasypros
642,1726,Gary Payton,FA,33.0,PG|SF|SG,19.3,-5.872845662441169,-0.3536849701798204,10.879996330336823,318.6004446598765,405,1.0,-0.9353509950831295,3PM+PTS,11,False,False,sleeper_stats,fantasypros
643,2473,Christian Koloko,FA,26.0,C,19.2,-5.880869048237879,-1.6613239781661966,7.185435598394759,315.9130494153049,406,0.7,-3.093740791844704,3PM+PTS,11,False,False,sleeper_stats,fantasypros
644,1728,Dorian Finney-Smith,phw23,33.0,PF|SF,19.1,-5.88882460531388,-2.42305664876842,6.108161151806144,313.2483223537868,407,0.925,-4.107506457548124,PTS+STL,11,False,False,sleeper_stats,fantasypros
645,2769,Tyler Smith,FA,21.0,PF|SF,18.0,-5.976182430991709,-1.9118527596359918,6.416849763774267,307.98610956809966,409,0.7,-3.961680594398441,AST+BLK,11,False,False,sleeper_stats,fantasypros
646,2827,Trey Alexander,FA,23.0,PG|SG,16.7,-6.088979172974724,-1.4247624119894182,6.611111123224068,305.38824625648056,410,0.7,-3.11513162405687,REB+PTS,11,False,False,sleeper_stats,fantasypros
647,1951,Drew Eubanks,FA,29.0,C,16.4,-6.107868827627276,-2.2129378380313645,7.333828859473296,297.7253964229613,413,1.0,-3.6310500912437327,3PM+FT%,11,False,False,sleeper_stats,fantasypros
648,2593,Emoni Bates,FA,22.0,PG|SF|SG,15.8,-6.159403358174183,,,295.2140822426267,414,0.7,,n/a (consensus),11,True,False,,fantasypros
649,1449,Nicolas Batum,FA,37.0,PF|SF,15.6,-6.17304461969792,-1.7373614101788122,7.344650018592798,292.72395100129586,415,1.0,-2.543168461428374,PTS+AST,11,False,False,sleeper_stats,fantasypros
650,1644,Josh Richardson,FA,32.0,PG|SG,15.3,-6.195873357002287,,,290.2548240208458,416,0.7,,n/a (consensus),11,True,False,,fantasypros
651,2030,Cody Martin,FA,30.0,PF|SF|SG,15.3,-6.201844506377018,-2.253435443533668,6.875669186709855,287.80652413030316,417,0.7,-4.7766387698080255,FT%+PTS,11,False,False,sleeper_stats,fantasypros
652,2727,Dillon Jones,FA,24.0,C|PF|SF,14.9,-6.233914717714299,-2.335659222270812,3.1428571430500067,285.37887565313247,418,0.7,-5.085481573749349,PTS+REB,11,False,False,sleeper_stats,fantasypros
653,1522,Bojan Bogdanovic,FA,37.0,SG|SF|PF,14.3,-6.278251023058249,,,280.5848376294238,420,0.7,,n/a (consensus),11,True,False,,fantasypros
654,1920,Josh Okogie,FA,27.0,SF|SG,13.3,-6.361173033941118,-2.278116189094712,7.609062145308284,278.21810408908243,421,1.0,-3.060886443226146,PTS+AST,11,False,False,sleeper_stats,fantasypros
655,2027,Jalen McDaniels,FA,28.0,SF|SG,12.6,-6.4167240677927655,,,275.8713339498225,422,0.7,,n/a (consensus),11,True,False,,fantasypros
656,1910,Devonte' Graham,FA,31.0,PG,12.1,-6.463264742685708,,,273.5443588203249,423,0.7,,n/a (consensus),11,True,False,,fantasypros
657,2271,Kai Jones,FA,25.0,C,11.8,-6.485505461477108,,,271.2370117296517,424,0.7,,n/a (consensus),11,True,False,,fantasypros
658,2075,Amir Coffey,FA,29.0,PF|SF|SG,11.8,-6.4891355212659825,-3.088726393151773,4.043478263223215,268.94912711526507,425,1.0,-4.817472493591855,STL+REB,11,False,False,sleeper_stats,fantasypros
659,1600,Christian Wood,FA,30.0,C|PF,11.3,-6.523285449501013,,,266.68054081114724,426,0.7,,n/a (consensus),11,True,False,,fantasypros
660,2638,Vasilije Micić,FA,32.0,PG|SG,10.8,-6.564106527851408,,,264.43109003602103,427,0.7,,n/a (consensus),11,True,False,,fantasypros
661,1652,Pat Connaughton,FA,33.0,PF|SF|SG,10.4,-6.596298729904724,-3.2482530914697123,3.750000018367876,262.20061338167005,428,1.0,-5.1460716432826334,STL+PTS,11,False,False,sleeper_stats,fantasypros
662,1257,Al Horford,kgjikondi,40.0,C|PF,9.4,-6.684395657026638,1.6408339213499634,15.089103739397055,259.988950801356,429,1.0,1.7199407669837852,FG%+PTS,11,False,False,sleeper_stats,fantasypros
663,2464,Bryce McGowens,FA,23.0,SF|SG,8.7,-6.735334373067231,-0.9202886899899839,9.33335052091749,257.7959435983351,430,1.0,-1.8628100443157198,REB+BLK,11,False,False,sleeper_stats,fantasypros
664,1041,Seth Curry,FA,35.0,PG|SG,7.9,-6.8049981223798115,-1.2135971255969145,6.7500000676177505,255.62143441447122,431,0.7,-2.809703179825204,STL+REB,11,False,False,sleeper_stats,fantasypros
665,2084,Gabe Vincent,FA,30.0,PG,6.7,-6.902201236710866,-2.546498139165554,5.81132078099529,253.46526721894395,432,1.0,-3.9242340549241383,REB+PTS,11,False,False,sleeper_stats,fantasypros
666,2741,Kevin McCullar,FA,25.0,PF|SF|SG,6.1,-6.955028535548334,-2.856903306603577,3.9523809561255585,251.3272872970533,433,0.7,-5.310280746385154,PTS+REB,11,False,False,sleeper_stats,fantasypros
667,2443,David Roddy,FA,25.0,SF|SG,4.2,-7.110637791264544,-0.0798457971912528,10.70690183746665,245.0209435355268,436,0.7,-0.5606194439111241,AST+3PM,12,False,False,sleeper_stats,fantasypros
668,1154,Bismack Biyombo,FA,33.0,C,1.9,-7.292477725125842,-3.445302636612792,1.8600000001343076,240.90487251511252,438,0.7,-6.159211875015937,STL+PTS,13,False,False,sleeper_stats,fantasypros
669,1492,Doug McDermott,FA,34.0,PF|SF,0.0,-7.450132554286947,-1.9828404327218334,5.931034502468185,230.91466997345444,443,0.725,-3.7170678811715536,STL+REB,14,False,False,sleeper_stats,fantasypros
